,uuid,entity_def_id,deleted_at
0,66f483b2-f3e8-4c7d-94d8-34dbf63f93f9,organization,2017-12-22 01:01:38+00:00
1,bc3b48c3-9299-4635-a690-9e9bf9d8451b,job,2017-12-22 02:01:50+00:00
2,52f8d052-c304-7b42-ce9d-8888ae831019,job,2017-12-22 02:40:18+00:00
3,638dbfaf-a834-c9e5-314d-3e0e5298b29a,job,2017-12-22 03:22:49+00:00
4,7601843e-6b25-e858-ba0b-3449a5e969a8,job,2017-12-22 03:26:07+00:00
5,2a89d451-329b-46ec-9d5e-6261c5b5e9b6,event_appearance,2017-12-22 03:47:51+00:00
6,c2efdd76-ada8-4c9c-aa0c-db2f5556dc9f,investment,2017-12-22 03:48:02+00:00
7,d3ab138c-06e9-4779-8bda-ab5e004f0ebd,investment,2017-12-22 03:58:36+00:00
8,3265079b-17d1-4e75-854c-2aede0200a87,event_appearance,2017-12-22 04:22:18+00:00
9,56ebf4bd-ca29-4255-89db-673d760b1462,funding_round,2017-12-22 05:20:17+00:00
10,7ff0737b-aa8c-49be-8247-9159d1af088e,investment,2017-12-22 05:20:17+00:00
11,a78b8bdb-c093-40b6-8a01-1261773ed81b,press_reference,2017-12-22 05:20:17+00:00
12,fc62a77f-6568-41b8-8dbd-a0ce7fe965d2,organization,2017-12-22 05:23:35+00:00
13,27f76e78-331f-4d32-a6b6-c8375d733467,organization,2017-12-22 05:31:22+00:00
14,2faf8f39-81a0-43b7-b77d-4bf476ba4681,press_reference,2017-12-22 05:32:15+00:00
15,8176beaa-6b3a-4375-8133-8f2fa61011a1,funding_round,2017-12-22 05:32:15+00:00
16,d7b281a6-bb95-4345-b671-b5208af4ed3d,ownership,2017-12-22 05:33:08+00:00
17,d5d4e3d7-7a6d-4dcb-89df-83dd503ef52b,job,2017-12-22 05:43:01+00:00
18,80b2e2ee-aa71-4c33-aa35-b91002d63aa6,press_reference,2017-12-22 05:50:45+00:00
19,d39b9298-dbea-4020-b435-c80aada21d72,organization,2017-12-22 05:58:08+00:00
20,c8bc6163-5528-c577-255d-ab7a548ec8e2,organization,2017-12-22 05:59:13+00:00
21,6ae6d2cb-68ac-4a5a-aa5f-25d1097c827b,acquisition,2017-12-22 06:02:52+00:00
22,f1d2a0d6-bc8b-48e1-b7b5-9c2267ef13a0,press_reference,2017-12-22 06:02:52+00:00
23,7bfbdc0e-4886-58e2-84ab-a2e2514b1683,organization,2017-12-22 06:03:39+00:00
24,6351644d-72b2-454f-952b-657df36e0761,funding_round,2017-12-22 06:04:50+00:00
25,b7e6eb1b-4539-4128-8801-da0229d19e1a,press_reference,2017-12-22 06:04:50+00:00
26,94d7fa11-8791-47ad-a655-15569b5fecd3,organization,2017-12-22 06:05:15+00:00
27,850d8dba-f856-468e-b429-36ade85034f6,organization,2017-12-22 06:06:34+00:00
28,76523604-43ec-1bac-3daf-e4a36f756bb8,organization,2017-12-22 06:07:53+00:00
29,2c53b0c0-1b46-4e6d-a7a6-822ecbc40166,organization,2017-12-22 06:09:00+00:00
30,85d1b1ef-13f6-7e7b-58f3-e59ab07605d6,organization,2017-12-22 06:11:16+00:00
31,8d87a1e5-a2b8-d6f9-3d91-5dacfe264190,investment,2017-12-22 06:12:36+00:00
32,d4503a1f-e4c0-5c8d-56ef-3169b2865c4d,job,2017-12-22 06:12:36+00:00
33,dd0e1a78-e6ee-4ae4-ab70-c4db8011433e,acquisition,2017-12-22 06:14:30+00:00
34,0beb3e5b-35ba-9867-2769-7eccec3d37ae,job,2017-12-22 06:16:09+00:00
35,4bb7aea1-2995-68b7-1050-671fa254a777,press_reference,2017-12-22 06:20:54+00:00
36,c430ec8c-923c-4e59-b3e2-405b7591cd05,acquisition,2017-12-22 06:27:23+00:00
37,432f9403-4c49-437a-8f22-94d41b79f539,job,2017-12-22 06:27:38+00:00
38,1a3f82b2-1417-48a0-8e3b-5f35177ceee9,acquisition,2017-12-22 06:41:20+00:00
39,9b27fdb2-8406-4651-acc6-e013d74dba6a,ownership,2017-12-22 06:47:36+00:00
40,769af64a-bae8-28b5-ef6d-365181535fb9,investment,2017-12-22 07:46:02+00:00
41,de9746e3-f739-415e-a0c4-be97a8803cfd,job,2017-12-22 08:04:53+00:00
42,fee53b36-5d48-483f-bda3-f6205f5f0f62,person,2017-12-22 08:04:53+00:00
43,6d58cb15-3adc-8b39-6ac5-89b1281edea1,acquisition,2017-12-22 08:17:30+00:00
44,4854c9f6-c430-4f87-b05e-559b22743521,acquisition,2017-12-22 08:21:34+00:00
45,5297ff49-1db9-4b95-9b4b-1f62c5dca6e6,press_reference,2017-12-22 08:21:34+00:00
46,c6edebbf-1e9e-4a71-95d8-7fded75ef8c5,organization,2017-12-22 08:21:34+00:00
47,328b81ad-23b1-4afe-b67f-7562dfcdd78d,job,2017-12-22 08:57:26+00:00
48,f3c19056-8820-4417-a6dd-4f0e3c9d8f69,job,2017-12-22 08:59:52+00:00
49,2671eb43-38bc-45cf-9df6-3f7f1b3171e8,job,2017-12-22 09:00:51+00:00
50,78926a90-1ef2-461d-be2d-e832afdb79f8,event_appearance,2017-12-22 09:19:16+00:00
51,dfe1b132-1abb-4c3c-9d05-a4ac3b4307b7,job,2017-12-22 09:53:15+00:00
52,98ddf55b-6fd3-4405-bab6-7ef7b63edf0a,job,2017-12-22 10:08:36+00:00
53,5d2c7dca-135e-45d3-8524-71e1068ec5cb,event_appearance,2017-12-22 10:16:09+00:00
54,09610db5-4704-65fa-0945-50ef2a03bac2,job,2017-12-22 10:46:51+00:00
55,e85f77f6-2fa1-3b41-662d-62bbaf2c7117,investment,2017-12-22 10:46:51+00:00
56,3d4a50d2-ba09-5af4-4c40-cbe67036975c,job,2017-12-22 10:49:39+00:00
57,5825a2ed-2dae-1424-c0be-acae57386d6d,investment,2017-12-22 10:49:39+00:00
58,8c32d4ba-584f-4f5f-b606-b2903590d93f,investment,2017-12-22 10:50:46+00:00
59,2b8efcd3-355b-b0e6-6f8b-8f1eecf5ec0a,job,2017-12-22 10:51:32+00:00
60,0f009835-7f5e-431c-b31d-a9ee69781386,event_appearance,2017-12-22 11:00:19+00:00
61,13220721-360f-4e0c-9c4e-c2e9c657d815,event,2017-12-22 11:00:19+00:00
62,634d065a-c45c-4b4b-a726-beacc49861a8,event,2017-12-22 11:50:49+00:00
63,5d7c8259-2867-4868-8a63-16f381752aec,event_appearance,2017-12-22 12:08:24+00:00
64,2cfb4180-dfbf-4c3c-4aec-33156695df8e,investment,2017-12-22 12:09:24+00:00
65,bf8e6f6f-1401-5db2-2ea0-9c22322411b9,event,2017-12-22 12:17:36+00:00
66,2aea4498-f25b-1095-b2f9-48fa70631f92,event,2017-12-22 12:18:06+00:00
67,c7302722-7bde-0912-7257-aea1de624643,press_reference,2017-12-22 12:18:39+00:00
68,3bc2e7e7-a2c6-1db9-37a3-f9e593249add,event,2017-12-22 12:19:02+00:00
69,4cd36d64-7a78-4be9-bba1-0dcbce738c3b,event,2017-12-22 12:22:36+00:00
70,c733f0b8-eedb-4700-b30b-e828003c8933,event,2017-12-22 12:24:42+00:00
71,2a1ff341-744f-4134-8935-738414340f71,press_reference,2017-12-22 12:28:09+00:00
72,964b957f-8641-b716-5a38-c9d3d6c1306d,press_reference,2017-12-22 12:40:29+00:00
73,d612a0bc-3eda-0448-fac9-2b86a72d8566,press_reference,2017-12-22 12:43:35+00:00
74,93c85609-99c3-1f76-5894-cc49ec692724,job,2017-12-22 12:49:28+00:00
75,801714b8-fc1d-4d74-a51a-81475c331365,event_appearance,2017-12-22 13:56:14+00:00
76,e155e83c-6f6a-4e8d-9022-0dd3729ccdb5,event_appearance,2017-12-22 14:01:52+00:00
77,54b230c6-fb2e-4098-8b4e-08b978abbf5d,event_appearance,2017-12-22 14:03:37+00:00
78,0b6e605d-bc3e-4b4c-a6e8-bef43ce417e3,event_appearance,2017-12-22 14:04:08+00:00
79,a31a385c-2d12-4ad6-9c57-51e5d267d40e,event_appearance,2017-12-22 14:05:54+00:00
80,346a203c-c590-44ff-b3cf-925581a063e7,event_appearance,2017-12-22 14:10:42+00:00
81,f805344a-16de-4144-bd4f-a56f9b8b5364,event_appearance,2017-12-22 14:12:14+00:00
82,3c777e94-dcf0-b1da-35f3-e53fc61304e5,job,2017-12-22 14:28:42+00:00
83,304bb4d7-7e86-7970-3642-514db97e226a,press_reference,2017-12-22 14:57:54+00:00
84,33ea588f-2b95-4930-9d52-547dfe417765,press_reference,2017-12-22 15:00:36+00:00
85,e5f66852-4229-0058-b5af-20955f8a8362,job,2017-12-22 15:00:36+00:00
86,0a2b192c-95b8-729f-450c-d0d624463df8,job,2017-12-22 15:20:57+00:00
87,6c4ccd90-0644-09e6-2dca-306125245a0e,job,2017-12-22 15:42:58+00:00
88,68feb150-85ca-417f-9b56-bc3f3b62a874,job,2017-12-22 16:34:59+00:00
89,6f4d6aa2-1d00-20a9-fd75-49ff1c715fc1,job,2017-12-22 16:42:39+00:00
90,128f35cb-7935-4a18-a225-25215b0e295f,press_reference,2017-12-22 16:45:15+00:00
91,24c6d171-4fb4-4a8a-a744-858fcefb1732,acquisition,2017-12-22 16:45:15+00:00
92,1d8c4dbe-fc69-a614-32bf-35f9b1e37d24,job,2017-12-22 17:05:25+00:00
93,c3a38e34-29c5-5325-0c69-4579488f25f6,job,2017-12-22 17:07:20+00:00
94,d1641be0-5793-4c52-96df-7084446fb580,press_reference,2017-12-22 17:12:16+00:00
95,fdd874e6-7c8a-7b7d-2eeb-eca50715cbcc,job,2017-12-22 17:22:08+00:00
96,af4dfd54-e514-c39d-82e3-bd6a9a10f12d,job,2017-12-22 17:37:51+00:00
97,87c85d77-1a14-ef1f-641b-58a5f1de6a4c,press_reference,2017-12-22 17:40:55+00:00
98,d376d81a-1e72-4360-9248-a4d1745aa1e6,job,2017-12-22 18:07:33+00:00
99,74bbbd5b-69fc-44c8-8de0-e2733f20c833,press_reference,2017-12-22 18:09:43+00:00
100,4fce0896-9882-4265-810c-a711ff655cf3,organization,2017-12-22 18:09:49+00:00
101,86c6b5ec-41f9-4179-b1ef-790b86cfc3fc,organization,2017-12-22 18:10:42+00:00
102,23fe4a90-973c-4569-bc0f-b7b426fd8848,job,2017-12-22 18:10:44+00:00
103,7e90206a-842c-4305-9d56-4f7756f1096b,organization,2017-12-22 18:10:55+00:00
104,4279f742-8190-4208-b470-ff1aeb95fefe,organization,2017-12-22 18:12:12+00:00
105,405e4e9f-6429-43fa-bb2e-d412e684e827,organization,2017-12-22 18:12:36+00:00
106,2eddf4ff-97d0-4b4a-bd1d-3377928c5ee6,organization,2017-12-22 18:12:48+00:00
107,059f786c-6985-4233-ad16-4d453d96e9d4,organization,2017-12-22 18:17:00+00:00
108,e9050b84-7cb9-4fe2-9425-e7a381c13bc3,organization,2017-12-22 18:17:30+00:00
109,677e5695-b05e-4729-ab2b-3cb2faa7d5ba,organization,2017-12-22 18:18:11+00:00
110,1dee3008-e399-449e-93e1-dd82bc1230b7,organization,2017-12-22 18:18:55+00:00
111,d4de59bd-c18e-4d67-b459-a194b453fa34,event_appearance,2017-12-22 18:18:55+00:00
112,063f027b-48a5-4a69-b6c8-f4a8d30450f2,organization,2017-12-22 18:19:45+00:00
113,33d47960-9684-4c5c-ba96-1069d3c82216,organization,2017-12-22 18:19:59+00:00
114,fe2a419b-bced-4ebb-ba87-72d4ff0aec6c,organization,2017-12-22 18:20:11+00:00
115,d2d41cb8-cd4e-4898-a2de-df263ac2448e,organization,2017-12-22 18:20:22+00:00
116,9f470093-93db-4e78-a27b-bf02b9fac3b9,organization,2017-12-22 18:20:32+00:00
117,85ecbeaf-2c71-491d-a98d-404331a10df3,organization,2017-12-22 18:20:42+00:00
118,77afa94d-bca5-4285-abad-143dcc10871b,organization,2017-12-22 18:21:45+00:00
119,2d6c1c97-6308-49d3-9750-e0e001b4fa34,organization,2017-12-22 18:22:02+00:00
120,c72cd87f-901c-486d-9052-e6fcd5df073b,organization,2017-12-22 18:22:49+00:00
121,3367075a-bc03-4b2c-874b-90e3d6483356,organization,2017-12-22 18:23:40+00:00
122,ca611186-a06b-4ad5-994b-8bf8f8341bea,organization,2017-12-22 18:24:13+00:00
123,49b49d5d-281d-4e81-8ad5-c41a793b36aa,organization,2017-12-22 18:25:34+00:00
124,de8c7b49-834b-4015-83a2-14e685311155,organization,2017-12-22 18:25:50+00:00
125,c1a82074-9431-4456-8db0-006e77960aa2,organization,2017-12-22 18:26:02+00:00
126,bed73f0b-5ebd-4ad9-9d94-44000bd00d4d,organization,2017-12-22 18:26:11+00:00
127,11434ab0-0fb6-7d15-da18-85b3dacefad2,acquisition,2017-12-22 18:28:09+00:00
128,e4077fd0-b208-88ab-d192-836333ea4e32,press_reference,2017-12-22 18:28:09+00:00
129,73d60e90-8644-3e63-dd6e-ec172ced42b3,organization,2017-12-22 18:28:25+00:00
130,98c8d06e-44dd-74c1-d9ce-d67d65cb21d1,organization,2017-12-22 18:28:40+00:00
131,b687b81a-f006-39d4-dd01-b277a5c77284,organization,2017-12-22 18:28:52+00:00
132,341579cf-b8d8-446e-b571-96c726e75e85,organization,2017-12-22 18:29:06+00:00
133,e323ea76-16cb-ee0f-ca9b-db1d04f97139,organization,2017-12-22 18:29:40+00:00
134,78874090-875d-34dc-45bc-1d107ea21d54,organization,2017-12-22 18:32:06+00:00
135,05bdf994-8dce-38a9-eb8d-7882ac74f774,organization,2017-12-22 18:32:59+00:00
136,4b31ed1b-3991-0798-798c-3d37fe788f3f,organization,2017-12-22 18:33:51+00:00
137,23550569-ccc8-42ef-0464-840384001924,organization,2017-12-22 18:34:28+00:00
138,e9934c94-48a0-ff2c-c522-5ba1ec64068c,organization,2017-12-22 18:34:52+00:00
139,be95ec73-3633-a800-07c9-05028a8a71c0,organization,2017-12-22 18:35:14+00:00
140,54f3e9c5-56d4-2832-0d56-06bf173fbfdc,organization,2017-12-22 18:35:25+00:00
141,7200ab2d-8af1-cc4f-7828-0668c2d9e987,organization,2017-12-22 18:40:32+00:00
142,ca0abf9f-c7b5-402f-b4c6-b402dd8676ef,organization,2017-12-22 18:55:39+00:00
143,22734dd5-47a1-4747-bb4c-538d44a8b05a,organization,2017-12-22 18:56:42+00:00
144,b887f210-7cc2-480a-805e-e6dfc1ed3e44,job,2017-12-22 18:58:09+00:00
145,92de8549-11b3-41eb-af43-a4d9147b5cf9,investment,2017-12-22 19:00:50+00:00
146,8ff94da7-3e42-d40f-c988-fad0eeb84aba,investment,2017-12-22 19:04:35+00:00
147,29a14596-663d-4f39-9999-67fe589295d7,organization,2017-12-22 19:09:26+00:00
148,92803478-3fa6-506c-dd4f-922fe2142359,person,2017-12-22 19:09:38+00:00
149,790cc498-2ff5-f609-db67-93c11a2fa592,organization,2017-12-22 19:10:20+00:00
150,615b2cf9-7a13-453e-9061-cbcb9a1ec45b,organization,2017-12-22 19:10:32+00:00
151,75f1e074-1f18-4808-b2b5-af05e9f23849,organization,2017-12-22 19:10:45+00:00
152,c758db45-600b-4c74-bcbc-7fb80630d191,organization,2017-12-22 19:11:08+00:00
153,f8960cf8-814e-4e75-aa9f-e12f097ab028,organization,2017-12-22 19:12:17+00:00
154,de58b9dc-93fe-4a3c-bb65-9efca4341516,organization,2017-12-22 19:15:01+00:00
155,926a2136-49e2-4e7e-89e2-052e55d1db0a,organization,2017-12-22 19:16:16+00:00
156,0596cabe-8521-41a8-8483-be5973283e06,organization,2017-12-22 19:17:45+00:00
157,71ab9f69-2da7-42eb-b52e-805e4b226152,organization,2017-12-22 19:18:26+00:00
158,1e41d47f-0b07-4b2f-9abc-627d2f3b288e,organization,2017-12-22 19:19:33+00:00
159,4b11063a-ca8d-2938-c227-3878d851dc18,job,2017-12-22 19:27:15+00:00
160,37874ec4-ed4e-42af-ae98-7809a3efc2c8,press_reference,2017-12-22 19:33:03+00:00
161,b6191acf-d07e-7d76-46b6-500e4d57281b,investment,2017-12-22 19:39:58+00:00
162,21bff6e0-5b13-114c-e5c7-d0c180ab2c74,investment,2017-12-22 19:41:23+00:00
163,421c343b-c01c-4e23-a002-247fb0107ce5,investment,2017-12-22 19:44:14+00:00
164,f61ab533-320b-45b1-35a1-fc91582e3ad6,job,2017-12-22 19:49:24+00:00
165,51cdc2a8-ac8a-463a-b889-45324db715ed,organization,2017-12-22 19:57:00+00:00
166,4ea1dc73-0d5c-4b60-bbdf-4f8027a59b55,organization,2017-12-22 19:57:56+00:00
167,0e969cb2-5721-5304-1f9a-ce4459ed0441,organization,2017-12-22 19:58:27+00:00
168,61e7398e-1fb1-e452-e365-e5ceced7d79e,job,2017-12-22 19:58:27+00:00
169,16c764f8-c6a1-4a04-8b96-a63a973fb782,organization,2017-12-22 19:58:53+00:00
170,8e2436fd-3151-4432-a0ff-93984fa5925e,organization,2017-12-22 20:00:07+00:00
171,f7672a6d-8f63-40b6-a0f1-81e4c26eda33,organization,2017-12-22 20:01:09+00:00
172,7c913e34-ff18-6c45-9441-b5a170601ac1,investment,2017-12-22 20:11:52+00:00
173,b5b89036-1d5d-44d9-aba3-ee0216494e69,job,2017-12-22 20:24:40+00:00
174,379235db-5d2c-b05d-64b3-d2e25fe4f05f,job,2017-12-22 20:25:28+00:00
175,ec20021b-b60c-15e8-9776-a514743249e4,job,2017-12-22 20:31:23+00:00
176,82622fc3-ce9e-49c2-a9da-185ba1619644,job,2017-12-22 20:40:06+00:00
177,2f7e3eaf-4a75-8164-db14-914b4880a7a7,job,2017-12-22 20:44:54+00:00
178,784a12ef-0563-40ce-3867-6d1465e8320d,job,2017-12-22 21:03:45+00:00
179,9b84fc76-32b8-92a4-60f0-eb9e070152b9,job,2017-12-22 21:06:05+00:00
180,d4bb0af4-4e37-4c64-a54a-23b0ddbcf4f3,person,2017-12-22 21:21:58+00:00
181,b3c21f5e-44cf-40b0-ba1e-d48f55823e21,person,2017-12-22 21:22:49+00:00
182,1bba7c99-564e-40ea-a7ed-84706ba01f97,organization,2017-12-22 21:23:03+00:00
183,1fadfeb9-eb25-41da-bf52-ab578601a0e2,job,2017-12-22 21:23:03+00:00
184,6599fa09-9ccb-f836-0d80-6f821a3e83ff,organization,2017-12-22 21:23:18+00:00
185,cf0f1359-6e3c-4b83-8c50-bd006d163161,person,2017-12-22 21:25:08+00:00
186,035c274c-acfd-42bd-aa69-b61ca80b2dac,organization,2017-12-22 21:26:00+00:00
187,06c6567f-2b6c-4125-9cdb-f6cd0b25155e,person,2017-12-22 21:26:43+00:00
188,7c3a252d-5974-4249-9e97-98f7c4c9ba68,organization,2017-12-22 21:27:37+00:00
189,4bc53265-a2a6-a171-b108-d2250549e0e0,organization,2017-12-22 21:29:08+00:00
190,91039443-3ae9-4aeb-bc85-6a245d2bd93c,press_reference,2017-12-22 21:29:08+00:00
191,468d7bfb-c867-019c-bbf9-230a65563918,person,2017-12-22 21:30:21+00:00
192,2e5592da-d6db-4e2a-a280-1212e2f64824,organization,2017-12-22 21:30:37+00:00
193,c0036727-cb52-e59d-9906-6f595883cc73,organization,2017-12-22 21:34:14+00:00
194,0cbd1db8-2d20-42c2-a9ee-28a53ca67475,organization,2017-12-22 21:35:21+00:00
195,a5bb7596-467d-4de9-a452-8e7fa96c057a,organization,2017-12-22 21:35:42+00:00
196,079cc2cb-903b-482c-a6ca-f3e3069c8b30,organization,2017-12-22 21:36:28+00:00
197,266be9cf-4ec3-483d-9a68-1d12bcd8cb03,organization,2017-12-22 21:37:17+00:00
198,53cd1fcd-2b98-290d-0ec4-60c82eea0ecc,organization,2017-12-22 21:38:35+00:00
199,78b5949a-f8a1-fa23-9e8e-a1ecec87520a,person,2017-12-22 21:38:50+00:00
200,afa50fd3-4d76-46e2-81ef-f670087fba9f,organization,2017-12-22 21:39:05+00:00
201,8670ecb0-b954-e0ac-e20b-342d0e7cb087,organization,2017-12-22 21:40:13+00:00
202,3903fc40-4d8f-45f0-b3c5-16bd65cc26db,organization,2017-12-22 21:41:16+00:00
203,c43a7014-a04a-46f8-acec-e64a9350b363,organization,2017-12-22 21:42:20+00:00
204,bdb125ca-d277-48aa-aec7-a1edd125f2b4,organization,2017-12-22 21:43:13+00:00
205,76b38f62-8448-4147-9f96-521455355a4c,organization,2017-12-22 21:44:06+00:00
206,c6081ebb-18a8-e852-18d5-b4b63eefd680,organization,2017-12-22 21:44:51+00:00
207,22cb3ad1-8361-4b54-b089-8f4c5228dcc7,organization,2017-12-22 21:45:09+00:00
208,fbce939f-78c1-4de0-a248-732c0aa9ceb6,person,2017-12-22 21:45:25+00:00
209,65930e7f-e635-41ca-b5d3-67be5f2bde41,organization,2017-12-22 21:46:24+00:00
210,9633d342-1caf-6602-257c-e4ac06dd0a8e,organization,2017-12-22 21:47:47+00:00
211,bfc64fd9-2c25-949e-88c8-4379f0666cba,organization,2017-12-22 21:48:02+00:00
212,cf94a47c-8bc0-47c4-8c7f-da503af0d202,organization,2017-12-22 21:49:06+00:00
213,1e44b10c-3e3f-38e0-0675-68be6665cf0c,organization,2017-12-22 21:49:21+00:00
214,024da0c4-59ab-419e-a60a-0617ccc24b95,organization,2017-12-22 21:50:52+00:00
215,7cf7bcf8-0a64-4ddd-b7aa-d6e94f13dbae,organization,2017-12-22 21:51:50+00:00
216,685f8073-b63a-ff38-a7ef-674ec8775ab6,organization,2017-12-22 21:52:24+00:00
217,a569e130-fbea-6bb2-b111-b065f58ed348,organization,2017-12-22 21:52:45+00:00
218,d8c7971d-0052-25d6-79e1-c68ce17ea9e0,organization,2017-12-22 21:53:07+00:00
219,f3bc57c4-be12-d6e8-d53a-8d3c2d9d3036,job,2017-12-22 21:57:43+00:00
220,a008a060-5a04-6fca-a272-f8c2201c0507,person,2017-12-22 22:12:07+00:00
221,34e1de90-3fbb-4645-803f-1eadba4dbe98,job,2017-12-22 22:13:15+00:00
222,494d74c9-295d-42d7-aa9c-2a9102953ced,event_appearance,2017-12-22 22:20:11+00:00
223,c20ae6de-f41d-47e4-9c7e-b6108c45866c,person,2017-12-22 22:21:43+00:00
224,d74341c1-97c9-7da1-467e-9ef6b8876ceb,job,2017-12-22 22:21:50+00:00
225,11e9ace4-d586-4b78-a8e0-377fbc61c406,press_reference,2017-12-22 22:30:23+00:00
226,d5cdaeda-b8ac-4ae9-8170-0d88ba4629af,funding_round,2017-12-22 22:32:08+00:00
227,4ad7b446-5fc0-43f1-78e5-2f94c3b87c4e,organization,2017-12-22 22:38:42+00:00
228,b895d959-1a25-4c6a-83b4-3b899199db40,person,2017-12-22 22:48:32+00:00
229,bceffeee-84ec-4052-b85c-a4ece647fef0,organization,2017-12-22 22:48:46+00:00
230,6680c465-6242-946e-296a-7d8eff8b68e8,organization,2017-12-22 22:49:07+00:00
231,97002f91-9244-877d-bf0c-4ef871a6ed93,press_reference,2017-12-22 22:49:07+00:00
232,55bb3189-4962-8dee-a6ee-d69ec260df36,organization,2017-12-22 22:49:25+00:00
233,b836ea2a-ea28-4a24-a2d8-0bca1267160e,person,2017-12-22 22:50:09+00:00
234,86b7c94b-3058-adf3-3dc9-96a5750e5110,organization,2017-12-22 22:50:22+00:00
235,a517c3b7-b88b-730a-ae43-7cea668d31c1,person,2017-12-22 22:50:32+00:00
236,ef528cf3-947a-483a-9ae3-68378c801190,organization,2017-12-22 22:52:36+00:00
237,9d254d04-2ea6-4e1f-9e80-19999285cdc4,organization,2017-12-22 22:53:15+00:00
238,9a269d58-0e9f-4964-97ed-2869f481fff8,organization,2017-12-22 22:53:46+00:00
239,df301101-c96a-b127-b9ee-d1ffbe5899bf,organization,2017-12-22 22:54:11+00:00
240,bc631467-e559-4f0f-96da-5688c0753381,organization,2017-12-22 22:55:02+00:00
241,9f9e52e5-87a1-47b7-bf3d-97cfe78d1cd0,investment,2017-12-22 22:55:14+00:00
242,e8b149e9-a8fc-382c-b4b2-f1da9c71e798,funding_round,2017-12-22 22:55:14+00:00
243,a88e5488-2ee2-e9b1-fef4-32e4d834bee3,organization,2017-12-22 22:56:05+00:00
244,2c82e218-96c3-24ce-cb3c-870147250130,press_reference,2017-12-22 22:56:49+00:00
245,324abac5-ff3e-6687-7df0-198467cc1c09,acquisition,2017-12-22 22:56:49+00:00
246,bb950e9c-0f9b-3ae0-0d78-99da5f5ea16e,organization,2017-12-22 22:56:53+00:00
247,b4397f3a-d7cc-d9ff-04a8-2abccb916b0a,organization,2017-12-22 22:57:08+00:00
248,ca788707-c4b3-4150-a323-5e77bfb7587d,person,2017-12-22 22:58:02+00:00
249,a0c44f94-ac3a-4dc1-8c76-37b707bbde7d,organization,2017-12-22 22:58:49+00:00
250,b4f2f217-c13e-4a14-a184-88ace105cc4c,organization,2017-12-22 22:59:42+00:00
251,b0a32171-97f6-d109-8477-76000d5534d2,organization,2017-12-22 23:00:01+00:00
252,1b4e23e2-ced3-0ccc-b73a-8f3e1307ea93,person,2017-12-22 23:00:36+00:00
253,666599c5-6810-4afe-914d-88d5586f9e7e,organization,2017-12-22 23:02:45+00:00
254,04634518-991a-97e7-a025-0132b04ec724,organization,2017-12-22 23:03:38+00:00
255,614b980d-368d-4209-ac5f-8236280fa6b0,person,2017-12-22 23:04:39+00:00
256,dbdf6daa-ebfa-8015-973e-4e847bbd4c77,job,2017-12-22 23:05:41+00:00
257,89a9a26b-3836-25aa-ea7c-b8a57e8961c2,job,2017-12-22 23:06:06+00:00
258,8e5c5294-c920-23a5-ea3c-631bf936fbe4,organization,2017-12-22 23:06:09+00:00
259,fa6add47-69a9-cca5-32dd-689f8728c7a0,job,2017-12-22 23:06:29+00:00
260,2a63bbed-f34a-4d02-94a3-e01a6b9846b1,organization,2017-12-22 23:07:02+00:00
261,72e4faa0-db91-4b71-a96f-7830c35140ce,organization,2017-12-22 23:08:15+00:00
262,13519811-1af6-4d85-b257-25b7f9088f53,organization,2017-12-22 23:08:26+00:00
263,6e528b76-318e-4183-9555-d2ea2cb0e85d,person,2017-12-22 23:10:09+00:00
264,0a025b4d-32dc-42c6-bb6f-b123dd3b5bad,organization,2017-12-22 23:10:16+00:00
265,1aa145f6-82a9-87f6-e164-fc33ec05c76c,organization,2017-12-22 23:10:47+00:00
266,78d2c73b-55a0-c3b7-eb58-13c1cb05e041,organization,2017-12-22 23:11:07+00:00
267,68cdc60b-91ae-4e84-aab4-028b8ded46b0,organization,2017-12-22 23:25:10+00:00
268,6d59a59e-5ae6-425a-884c-bc7a08b66f6f,organization,2017-12-22 23:26:38+00:00
269,4e0ab639-f230-4f94-9744-5f2ce88d70e4,organization,2017-12-22 23:27:24+00:00
270,b85fbdb1-71aa-472f-b0ce-b9dfe19e74e0,organization,2017-12-22 23:28:44+00:00
271,8833a692-6dd6-4e8f-b83f-2e55e33b1c9c,organization,2017-12-22 23:28:54+00:00
272,d5e3b04a-9faa-4676-9bed-13172b2d25c2,organization,2017-12-22 23:29:07+00:00
273,ad00a530-de94-4e1a-a759-07331a1b01a9,organization,2017-12-22 23:29:16+00:00
274,54f9d31c-4a04-924a-11e5-58c646a1026b,organization,2017-12-22 23:30:26+00:00
275,a7cdc37b-70b3-a5ef-8cb6-7bc305a5cc6d,job,2017-12-22 23:30:26+00:00
276,32e43721-0348-46ec-8ed9-0a1bb4e6ef1a,organization,2017-12-22 23:30:40+00:00
277,47193b73-858c-6436-0d30-cfcadd19c7a5,organization,2017-12-22 23:32:50+00:00
278,acf24f1c-7d9e-9c5b-2161-7fb477b028f7,press_reference,2017-12-22 23:32:50+00:00
279,cc24351d-35e7-4db4-b513-bdb5bfadfd3c,organization,2017-12-22 23:33:49+00:00
280,fda69b90-5556-afbe-7f9b-db5be34f5fed,organization,2017-12-22 23:34:07+00:00
281,8accf2ee-1981-45d2-03ad-d4785cd25e7f,person,2017-12-22 23:34:23+00:00
282,de8ad037-a5c4-4ebf-ab91-fda9f15089ac,organization,2017-12-22 23:35:19+00:00
283,71703c7a-6b46-42dc-9840-eb6fa7e7695e,person,2017-12-22 23:36:08+00:00
284,53bf7811-4f17-44eb-b08e-b323501770ef,organization,2017-12-22 23:36:45+00:00
285,cdb0eeda-97a2-f526-6317-33dec74f32eb,organization,2017-12-22 23:36:56+00:00
286,55459e23-35b3-053a-07e4-b0583feafc81,organization,2017-12-22 23:39:59+00:00
287,5506f256-e9f7-4887-bc2c-ffe622357638,organization,2017-12-22 23:40:55+00:00
288,c8fd0838-58c5-4c02-b038-15ff7dacb0d2,organization,2017-12-22 23:45:03+00:00
289,4e1eb698-66f7-4249-9353-de43eb2e8648,organization,2017-12-22 23:46:03+00:00
290,aa6e8d49-e087-4e04-90fa-18310b8591d5,organization,2017-12-22 23:46:40+00:00
291,ded381f1-8259-76a2-0e0e-edf60c76d431,organization,2017-12-22 23:47:26+00:00
292,6eacfb0a-55db-48d9-bf3a-084e63515fa6,organization,2017-12-22 23:47:35+00:00
293,196b2205-65b5-742d-69de-58ef6391f629,person,2017-12-22 23:48:00+00:00
294,680fa1d1-0d37-525a-1c76-2aeacaa4a643,organization,2017-12-22 23:48:23+00:00
295,55e0390d-beff-4897-a9a7-a042d7898a9d,organization,2017-12-22 23:50:22+00:00
296,9caa9e1e-65f9-47f3-8ecd-ab8b70f8825f,organization,2017-12-22 23:50:33+00:00
297,bf42d578-ceab-e9b4-ead1-7b51b8d63cba,organization,2017-12-22 23:51:29+00:00
298,08b8a2b4-d487-830a-26bc-226f6c666b90,organization,2017-12-22 23:52:46+00:00
299,e175a528-e681-c6df-d27e-9346756b4ecb,organization,2017-12-22 23:52:58+00:00
300,eadc9b1a-7c25-0989-6779-c281be04bf2a,job,2017-12-22 23:52:58+00:00
301,b678272f-70f5-439b-88ef-a0b74f41603b,organization,2017-12-22 23:54:07+00:00
302,7af0f57b-93d9-4072-ac0a-183fc90ceac6,organization,2017-12-22 23:54:42+00:00
303,d75a92ac-b793-4ef5-940b-36bd491159de,organization,2017-12-22 23:56:35+00:00
304,398b71c2-5d6d-4d3c-8ccd-64747721b881,organization,2017-12-22 23:57:47+00:00
305,c7453038-f398-4570-b617-5db1be333073,organization,2017-12-22 23:58:19+00:00
306,d552fe86-c3b1-43a1-b080-29b67c1d1f42,organization,2017-12-22 23:59:05+00:00
307,75ce34e1-0327-4b3c-bc30-a9749bda21a8,organization,2017-12-22 23:59:45+00:00
308,765d7881-bffd-7c09-bc38-9f9d4df94910,job,2017-12-23 00:00:19+00:00
309,861c3c4b-c895-de76-5deb-fdfacfbb3e4b,organization,2017-12-23 00:00:19+00:00
310,f519cee3-3f2e-a4ad-3141-873c2f67101c,organization,2017-12-23 00:02:25+00:00
311,42949291-adb3-c727-0bdb-8c3da3616f8a,organization,2017-12-23 00:02:38+00:00
312,1b17878e-0bc3-ab68-0a00-713f0ce6f9d6,organization,2017-12-23 00:02:49+00:00
313,013f44fc-1832-8959-fc0e-9c84dc4e093b,organization,2017-12-23 00:03:02+00:00
314,c3d1fa01-b848-3c67-4e3e-d1ddb303ea25,organization,2017-12-23 00:03:12+00:00
315,4fbd4fc5-eefd-a5b9-3083-ef9ee2a8b0de,organization,2017-12-23 00:03:28+00:00
316,56a3c505-a4f5-3ac8-e9b3-9cbe382d6cc5,job,2017-12-23 00:03:28+00:00
317,fdc9ad90-84fa-4e2e-8beb-ece9bd6a46c1,organization,2017-12-23 00:03:49+00:00
318,4f4551c6-748b-8f64-d8ed-560ec2247ca3,organization,2017-12-23 00:04:32+00:00
319,81d137f8-da10-73bb-713a-1ea9d81b16b4,organization,2017-12-23 00:04:57+00:00
320,9f24485a-d17a-a7b2-1605-fd4b47de238b,organization,2017-12-23 00:05:50+00:00
321,3d9bf0b4-9c02-f8e3-36f6-b2b958cdab10,organization,2017-12-23 00:06:06+00:00
322,8640df01-5d48-140a-23dd-8f574bd74a53,organization,2017-12-23 00:06:40+00:00
323,e773e1f0-abf7-cfe2-df26-8c3fc148a7a3,organization,2017-12-23 00:07:55+00:00
324,843c9f1e-8ac6-bd4d-9d80-e4857a1455d3,organization,2017-12-23 00:08:12+00:00
325,297bb409-c723-4ba3-6d2b-44e010d027ee,organization,2017-12-23 00:08:24+00:00
326,d5dee9ff-4bab-4e8d-8f8b-a5f8975296db,organization,2017-12-23 00:09:00+00:00
327,dd850f6f-167f-d797-9105-dc3b0ee11be7,organization,2017-12-23 00:09:10+00:00
328,30d78b2e-7ccb-9e42-35ea-bf10bd2dd976,organization,2017-12-23 00:09:21+00:00
329,d6d976fa-bf60-64cc-d990-6f84762869dd,organization,2017-12-23 00:10:55+00:00
330,3aa2cc53-e284-4535-a83a-9de4b241acd2,organization,2017-12-23 00:12:53+00:00
331,05e636a3-95cf-4229-8569-9681be5e702e,organization,2017-12-23 00:13:06+00:00
332,8bd70a72-3804-434b-9e69-7e719b017a5f,organization,2017-12-23 00:13:16+00:00
333,a06cdb17-c080-47cd-8ea2-5e69bcd147dc,organization,2017-12-23 00:14:02+00:00
334,cac0f33a-a432-8a7d-0ee4-7f29873b41e8,organization,2017-12-23 00:16:25+00:00
335,a605d86c-9536-2151-a58c-b3f8bb767cf6,organization,2017-12-23 00:16:45+00:00
336,ec1d03ab-e2d0-44ed-9b15-b3e49528d935,organization,2017-12-23 00:19:02+00:00
337,e05e8480-c6c8-45af-a44c-b0b22a3ffc62,organization,2017-12-23 00:19:17+00:00
338,bc783553-9cb1-4e0e-85c9-2f23088b027f,organization,2017-12-23 00:19:28+00:00
339,7ba50964-cbe5-4499-99e2-3e67bd6b071b,organization,2017-12-23 00:19:38+00:00
340,ea1c0482-b5e7-48a6-97f7-57bf1795356d,organization,2017-12-23 00:20:26+00:00
341,f1b75a68-1b25-4728-b809-f4503d5cb3e4,organization,2017-12-23 00:20:34+00:00
342,4c08b0d0-f3ec-43e8-868a-9019a7bf50c5,organization,2017-12-23 00:20:46+00:00
343,1e26f66c-34f0-278e-c204-75c4fad36ee0,organization,2017-12-23 00:20:57+00:00
344,af2c242f-d68a-424d-a7ff-7419400ad042,organization,2017-12-23 00:21:34+00:00
345,cfae7122-4056-3af4-86be-fec44af93d7a,organization,2017-12-23 00:22:32+00:00
346,9d2bcfba-7deb-453e-9cac-8c0d13657ee6,person,2017-12-23 00:22:42+00:00
347,056286fa-13e6-4662-9823-5c167d34b60b,person,2017-12-23 00:22:51+00:00
348,24695ef8-b279-48d2-ae40-44b41483673d,organization,2017-12-23 00:22:59+00:00
349,8ca758da-4c41-495b-a2cf-bef6e5974844,organization,2017-12-23 00:23:09+00:00
350,a81abaa8-f7b3-820f-9eec-c075ad15de97,organization,2017-12-23 00:23:35+00:00
351,013d91f8-f87a-b16d-b458-d641d4f18240,organization,2017-12-23 00:25:22+00:00
352,149d2305-d239-f128-405c-15f3b7cf4862,press_reference,2017-12-23 00:25:22+00:00
353,34f3fb3d-2e5e-87b7-dd72-3b862d45ec42,job,2017-12-23 01:29:40+00:00
354,9b5146df-d512-4570-a255-99c875cf859b,event,2017-12-23 03:07:57+00:00
355,ee1fa3a3-f7ee-4394-a6a4-26a05caa782a,investment,2017-12-23 03:48:54+00:00
356,c869a8b0-2890-493a-a181-8666bd85a5f1,event,2017-12-23 04:29:52+00:00
357,f2ad0355-3113-49e4-b33c-5c69430c7fde,event_appearance,2017-12-23 04:29:52+00:00
358,60845027-5414-4251-af30-fdca0752e345,acquisition,2017-12-23 04:58:08+00:00
359,d6a20fcb-ef70-451a-8f57-67a4d554d574,press_reference,2017-12-23 04:58:08+00:00
360,3a3d1925-b61a-494e-825b-c11ede7ee11e,event_appearance,2017-12-23 05:34:54+00:00
361,58363922-3204-46dd-bc5c-13ec2b645e3d,event,2017-12-23 05:34:54+00:00
362,fc03b93c-bda5-42e2-a772-2ae3cfd9a857,event,2017-12-23 05:38:33+00:00
363,e58bce9f-4413-4d2d-9294-fa4fb3d05edb,event_appearance,2017-12-23 05:54:37+00:00
364,271effe4-00d9-49a7-8a83-c7d2f4ae17b6,event_appearance,2017-12-23 05:55:55+00:00
365,db3cc18d-ea72-4b54-8675-49e9bd8bcc00,event_appearance,2017-12-23 05:56:57+00:00
366,b42d5a73-3be2-449c-afd6-81e98f3275d1,event_appearance,2017-12-23 06:25:34+00:00
367,314ee382-fcf1-4da1-b885-35e880870512,job,2017-12-23 06:46:26+00:00
368,835993a6-45b9-7504-6621-d945568d8ac8,job,2017-12-23 07:31:31+00:00
369,5b9249cb-af7f-46b7-ac0c-3dc24f3d971f,event,2017-12-23 10:14:00+00:00
370,8eaf5cb4-894a-4e7c-b01c-15940714f93c,event_appearance,2017-12-23 10:14:00+00:00
371,c0058f5b-8120-9a19-2252-52cf534deac0,job,2017-12-23 10:33:33+00:00
372,56bb7605-a36b-4462-83c0-c6244602a38a,event,2017-12-23 10:40:29+00:00
373,aa880e51-4b0a-453c-b906-80a8043586f3,event,2017-12-23 10:48:06+00:00
374,322201da-2655-4212-ba88-328a3e82fcbd,organization,2017-12-23 11:08:04+00:00
375,53483ca8-f82a-4abf-8c43-bdfa8a30ed97,organization,2017-12-23 11:08:14+00:00
376,a1aa76b8-92ce-4baa-b708-c4d8fc694a2c,event,2017-12-23 11:10:12+00:00
377,65b88b7a-f67b-4e3c-aca3-1453ad75e24c,event,2017-12-23 11:27:11+00:00
378,47f6c9af-3685-4847-aa31-765d02b17be9,event,2017-12-23 11:30:17+00:00
379,1c3ae53b-9cea-45ea-8960-90aee442d879,event,2017-12-23 11:30:59+00:00
380,dcd18035-40d1-422c-83b3-113baee81354,event,2017-12-23 11:34:06+00:00
381,7df95229-db85-18da-58be-c264d61a254a,job,2017-12-23 11:45:47+00:00
382,d970cdfd-13dd-400e-89ac-ed76ff68aef7,event,2017-12-23 12:00:19+00:00
383,5114b364-a56d-4461-9e5e-462f6cb846ff,event,2017-12-23 12:02:21+00:00
384,ee40455e-05b8-4a73-9e9e-990969caf317,event,2017-12-23 12:20:56+00:00
385,13f2a58c-46fb-4d07-88c7-cc75865e8597,event_appearance,2017-12-23 12:53:09+00:00
386,f92838c4-29e7-91bf-b7bf-5a9893935bd2,investment,2017-12-23 13:06:33+00:00
387,a95731be-13d9-05b7-3317-a272942e8e26,job,2017-12-23 13:47:22+00:00
388,03426aec-69e4-977a-573f-c3112151d43a,job,2017-12-23 15:03:02+00:00
389,b3d9f70e-deb3-f2a4-4bb2-6c652e8b1622,job,2017-12-23 15:04:05+00:00
390,511d5803-b945-4f99-a472-262199b94331,job,2017-12-23 17:55:19+00:00
391,31c95d7b-84f7-6d3a-738c-48ab6a9c3de1,job,2017-12-23 18:41:24+00:00
392,7fb65921-3c17-4134-a0a0-94200dbeba1e,press_reference,2017-12-23 18:45:40+00:00
393,5fd07cfd-7a8f-28ae-a618-0d062b97e319,job,2017-12-23 19:29:20+00:00
394,e6f9baaa-b533-a671-36b6-964c92863fa0,job,2017-12-23 19:37:00+00:00
395,6c9cc92b-7db7-9bf6-1fcf-5fb130d68498,investment,2017-12-23 19:59:14+00:00
396,3f0952d8-5f03-f75b-47c9-d8224bbe7647,job,2017-12-23 20:40:47+00:00
397,c3a92624-fb53-9157-c2aa-2a53a9cf140a,press_reference,2017-12-23 20:40:47+00:00
398,7a27e7b6-b61c-95b0-5b5a-bb358d7887d2,job,2017-12-23 20:45:56+00:00
399,ee4a22a4-b8f6-a258-d106-2689408caf98,job,2017-12-23 20:49:26+00:00
400,2033f72f-d2af-457b-7941-b9c2a142c30c,job,2017-12-23 21:22:28+00:00
401,d0521fa3-be39-4fe4-b598-d7f8dec393b4,investment,2017-12-23 22:06:58+00:00
402,8288ab67-ac50-0c83-387c-fb7f16612488,job,2017-12-23 22:22:43+00:00
403,5cbc9b71-6f37-8c3c-4ffa-f2f72f5d1fae,job,2017-12-23 22:34:53+00:00
404,4afaabaf-0f3e-43e7-8fb4-5bbd9423ec13,press_reference,2017-12-24 00:27:57+00:00
405,2001e396-603c-21c4-bffa-d1bad79cf908,investment,2017-12-24 01:49:02+00:00
406,dda856eb-5c9f-172e-f3a8-26ea0b5dd9a1,job,2017-12-24 01:49:02+00:00
407,416f49d8-ca3d-47e7-9853-a3c9ef526ae4,job,2017-12-24 02:03:01+00:00
408,166797b7-ef12-43df-a3e6-d2b89508ffe1,press_reference,2017-12-24 02:28:24+00:00
409,217703e1-50d9-4c47-bb80-5d20715b58bb,event_appearance,2017-12-24 02:39:13+00:00
410,f4612300-3846-4322-b350-975eea966f9f,event_appearance,2017-12-24 02:47:30+00:00
411,335ec48c-9a8c-40c7-a77d-dd179f511ba8,event,2017-12-24 03:00:11+00:00
412,821f8e23-3c5d-4885-bcb0-167d39e645d3,event,2017-12-24 04:04:02+00:00
413,32086868-b06c-edfe-038d-9d5e9d4603d1,job,2017-12-24 04:43:10+00:00
414,569adc9b-5934-4aa7-b06b-ff2a0c69c00f,job,2017-12-24 05:15:00+00:00
415,c7550ca8-502f-41d0-99e2-3669fcc94a8e,press_reference,2017-12-24 07:22:03+00:00
416,b62d8353-39e8-4ed4-90bd-262a390e55aa,event_appearance,2017-12-24 07:44:02+00:00
417,33370d22-0888-4f00-a97e-77535219a4bc,press_reference,2017-12-24 08:02:09+00:00
418,1d18def3-ca4e-4fb6-bb00-2349d54aa526,event_appearance,2017-12-24 08:21:46+00:00
419,c324dfb2-2676-7495-e647-1429fea99991,job,2017-12-24 08:23:40+00:00
420,cf742037-facb-4114-92b0-b0d8a9efe521,event_appearance,2017-12-24 08:35:33+00:00
421,927d87b1-f944-4225-8d99-6a301ec8a67b,event_appearance,2017-12-24 08:38:17+00:00
422,9f368ebe-f556-4ebe-a046-01585b7da9b0,investment,2017-12-24 11:24:09+00:00
423,98d23495-ef76-38ea-a0e5-9e521787208d,job,2017-12-24 11:27:16+00:00
424,2f207734-5aed-ed17-d366-c5a0c74c61fc,job,2017-12-24 12:52:26+00:00
425,d8a82122-033b-43e2-800f-e3829d845279,press_reference,2017-12-24 15:20:43+00:00
426,1b9e6f23-dfcf-9788-709d-7c5840f8fb89,job,2017-12-24 15:42:25+00:00
427,e6bdfb79-2003-d13e-fc58-dff08f1aa05c,job,2017-12-24 15:43:49+00:00
428,fbfdf457-9446-6e40-271b-221d9e8e4505,investment,2017-12-24 17:33:55+00:00
429,c13e04c7-0bc7-4615-8a26-acb9e7aaa049,job,2017-12-24 17:53:57+00:00
430,b1c5e9cc-2b7e-47f2-b748-02fbbb0dc340,job,2017-12-24 17:54:16+00:00
431,14b26073-5493-4df9-8658-8e3836a5796b,event_appearance,2017-12-24 18:07:06+00:00
432,7ab3c3d9-0ee9-c095-c5ae-f23e8cf741cc,job,2017-12-24 19:10:36+00:00
433,1aaf9b75-39ec-4719-94d3-05a4ab2726ff,event_appearance,2017-12-25 01:33:27+00:00
434,8484a6f6-818e-4c73-8805-8d3cb1a21132,investment,2017-12-25 01:33:53+00:00
435,0a8f8d6e-64e3-5235-65b3-7ae3c6c4934e,job,2017-12-25 02:35:38+00:00
436,926fc5e7-415a-4f60-823e-6e6cf2c73d4e,event,2017-12-25 02:45:01+00:00
437,9a13016f-ccf4-d391-5551-fc6ee3f294fc,job,2017-12-25 03:17:42+00:00
438,83147aa9-a6bf-3645-99e2-09a50929d7fb,job,2017-12-25 03:48:44+00:00
439,6a4084bf-0667-8c5a-fb9c-ef0723e93230,degree,2017-12-25 03:55:48+00:00
440,8099fe0e-9ebb-76f5-a254-6e6c41587481,job,2017-12-25 03:57:05+00:00
441,72a095de-101a-cdcf-5ff7-713296f21108,investment,2017-12-25 04:03:36+00:00
442,f3c1a17d-be93-7ffd-34e1-5a0e16a2403e,funding_round,2017-12-25 04:03:36+00:00
443,3f8c2617-48d1-8e00-b560-8a16addb771a,organization,2017-12-25 04:04:51+00:00
444,1c0d3c93-8b63-5a48-7bec-f2b6e91baceb,person,2017-12-25 04:09:49+00:00
445,4068ecdf-affc-424c-adc1-9093c27dce5e,job,2017-12-25 04:20:02+00:00
446,8f73c522-096d-2cd8-1652-07bbaf2873d7,job,2017-12-25 04:57:00+00:00
447,18767889-c054-4968-4618-dffa70eeae3a,job,2017-12-25 05:42:18+00:00
448,aec4f58e-7320-a0c7-dfcb-91a70daf0109,person,2017-12-25 05:49:31+00:00
449,bf65ba2c-3b00-1f97-c7fd-100b2845a004,job,2017-12-25 06:24:43+00:00
450,d746e846-018e-887b-1b31-319ccdc6674b,person,2017-12-25 06:41:01+00:00
451,22c3b23a-cf10-e9b6-0b2c-a6431ed4cbe9,job,2017-12-25 06:45:18+00:00
452,5d0849fe-33a4-58fe-57b9-d5724c6a806c,person,2017-12-25 06:45:18+00:00
453,d80f739c-4fc1-6d32-8529-8cefb9fdc344,job,2017-12-25 06:59:32+00:00
454,6ed1ae3b-3a2b-abee-6f16-8936809c39fb,person,2017-12-25 08:04:45+00:00
455,ab538dea-1049-46ae-9430-ba0c41d74079,person,2017-12-25 09:01:53+00:00
456,0b04207b-a215-441c-85b8-e4a00e5f5318,organization,2017-12-25 09:37:50+00:00
457,1ae881b2-cf33-4f27-92d5-40c5a745a030,press_reference,2017-12-25 09:37:50+00:00
458,b2c1f583-4436-41ff-b673-fc7f978752a8,job,2017-12-25 09:37:50+00:00
459,aba1ec58-1304-375c-c8b2-c0b6a7684a96,person,2017-12-25 09:39:28+00:00
460,90f167bc-d3a9-cdb9-35c4-a2d51341ad76,person,2017-12-25 10:01:18+00:00
461,4c08fb65-5cd4-1b83-960f-407efe152554,organization,2017-12-25 10:18:40+00:00
462,c365596a-a8d7-4c24-a8f3-5ac57b021842,job,2017-12-25 10:41:08+00:00
463,f8a96fee-ed44-4253-8e4d-89ed6a31575a,person,2017-12-25 10:49:11+00:00
464,8df3c6b4-4a80-45fe-9e74-982ca1fbcd5b,event_appearance,2017-12-25 11:17:27+00:00
465,16a62d78-83e2-4b41-bcbe-c9c1e1b7bfd6,person,2017-12-25 11:28:50+00:00
466,3254372b-07d2-9c10-5c3b-93c3a9d89d5d,job,2017-12-25 11:53:16+00:00
467,c569de3f-d6e1-4c05-8e63-ab26c4199c63,job,2017-12-25 12:27:04+00:00
468,183984ea-8f6b-4709-a92d-390a5bf41aa0,job,2017-12-25 12:33:57+00:00
469,117080f7-6737-a8dd-dc5d-261027a609bd,investment,2017-12-25 12:38:55+00:00
470,f0fa11aa-2ae0-4646-82a6-526bd34a900d,job,2017-12-25 12:41:45+00:00
471,04b64ef7-0981-7268-9939-421aefbe2194,job,2017-12-25 14:07:24+00:00
472,975ea91d-24b7-ca2f-d9ad-3c57e9ca1257,degree,2017-12-25 14:07:24+00:00
473,c135d45b-c6e8-41c0-9ea0-45b921dba58c,investment,2017-12-25 15:00:35+00:00
474,e77fa8c6-82d1-b116-4ee1-79d623401354,job,2017-12-25 15:44:19+00:00
475,7bca5890-ecea-d78e-4ffc-02a2e4499a3e,job,2017-12-25 19:54:43+00:00
476,28a4fa06-710d-487e-b769-8e16fac7123b,job,2017-12-25 22:50:30+00:00
477,8499ce38-2e29-4ce0-abbe-acc274466c47,press_reference,2017-12-25 23:22:26+00:00
478,d0db3375-7209-421f-5064-60c0ee18264a,degree,2017-12-25 23:47:00+00:00
479,934ec75c-5dbc-fbfd-47db-0aa388e02784,job,2017-12-26 00:33:51+00:00
480,1f2e33d4-5587-2aa1-345d-4576a239e3f6,job,2017-12-26 01:36:31+00:00
481,bd87a6cd-bb0d-40c4-a563-d26f032d5b55,investment,2017-12-26 02:10:18+00:00
482,2a7df89b-47c4-4e12-9d9f-e924bc7444e2,event_appearance,2017-12-26 03:34:02+00:00
483,23f42e8b-7c8b-ba3d-4ec3-b6ab2310cc1a,job,2017-12-26 03:42:30+00:00
484,c95ff5f1-d6ff-11ad-02cc-554b3282326c,job,2017-12-26 04:21:01+00:00
485,d446b417-dcbc-48f5-b06c-eba675f6e78a,person,2017-12-26 04:26:22+00:00
486,04aebb89-47a2-3798-55e8-7a13f74214d3,job,2017-12-26 04:46:18+00:00
487,fb94fe28-37f5-105b-ed1b-aaf3f3896ca4,job,2017-12-26 04:51:58+00:00
488,1902df23-35a1-7f70-e1fc-fcf8c2c3e264,job,2017-12-26 05:18:30+00:00
489,54ecb62a-5cbd-56a0-f8ad-8f7d18d6cb15,organization,2017-12-26 05:40:05+00:00
490,5e404d98-f3cd-4438-a055-0d60274a6531,organization,2017-12-26 05:42:10+00:00
491,9cd6bffc-770b-4314-bbc9-e50003b6fbb6,organization,2017-12-26 05:44:38+00:00
492,f0cdd60b-d87f-409e-9715-db599e368c38,organization,2017-12-26 05:51:08+00:00
493,2b4f3446-63c3-c9fa-822e-8e605788434b,organization,2017-12-26 06:02:40+00:00
494,811f74f0-0451-9f82-3aa4-901170bdf87d,job,2017-12-26 06:02:40+00:00
495,ab7e5561-0ff0-56f4-d40f-b7b1835e4233,organization,2017-12-26 06:07:46+00:00
496,e488bcd8-8605-43cf-a3de-2db91486f3cf,organization,2017-12-26 06:14:06+00:00
497,7a85a114-8db2-4644-9af4-4772141cebaa,organization,2017-12-26 06:16:44+00:00
498,1a441a36-6898-4435-bec0-68bf1fdcff20,organization,2017-12-26 06:16:54+00:00
499,17fc6921-e716-ef27-f705-75d292b7ca40,organization,2017-12-26 06:20:19+00:00
500,0ea8bee1-8f4b-4685-9803-4d401b86f941,organization,2017-12-26 06:24:12+00:00
501,ce3c8226-d501-4838-bbdc-b716e100edc2,organization,2017-12-26 06:24:26+00:00
502,a3b76775-8d49-4654-bc98-9d655049db26,event_appearance,2017-12-26 06:35:28+00:00
503,6f6b2c42-92ac-4d4a-a9b9-2bd6c035dc8a,organization,2017-12-26 06:37:35+00:00
504,735aeebd-4df4-45b7-bd23-8d4c47be7984,organization,2017-12-26 06:46:14+00:00
505,397779ba-bf96-42f8-a515-459a817b2719,organization,2017-12-26 06:47:08+00:00
506,3138464d-3c00-486a-b70d-b99fdf5c90d5,funding_round,2017-12-26 06:54:01+00:00
507,ba39bb2a-7370-4b62-be39-9ef51449180f,press_reference,2017-12-26 06:54:01+00:00
508,f7c6ec58-7a9c-9644-29fa-4c5e8d5accff,job,2017-12-26 07:00:19+00:00
509,004f63f5-1bcc-ba02-2983-465bae60cd36,job,2017-12-26 07:29:59+00:00
510,6c31a00a-d372-bff4-1702-340414316899,job,2017-12-26 08:11:11+00:00
511,84b7917c-51ee-494f-99b8-4f048110be72,investment,2017-12-26 08:11:55+00:00
512,991c032e-4c12-b11f-de65-ad06289dec74,person,2017-12-26 08:34:09+00:00
513,caf29c7a-9dbe-9de8-05ea-b4018e2ae93e,job,2017-12-26 08:37:47+00:00
514,ee9c7cc7-2644-86d6-dc0b-5c58ad0b59c8,job,2017-12-26 08:41:40+00:00
515,df1f16c5-11fe-9a8d-ce08-286224f06434,job,2017-12-26 08:42:13+00:00
516,3918b7ff-8272-44d2-8c98-c1961965ef04,acquisition,2017-12-26 09:00:46+00:00
517,baa1f2fd-34f0-47e1-af94-584aaf92aae1,press_reference,2017-12-26 09:00:46+00:00
518,b14001fc-fc47-46a3-a430-97a0df04f493,acquisition,2017-12-26 09:03:03+00:00
519,e11c924a-2374-4392-8e19-d45a1368b1f2,person,2017-12-26 09:04:04+00:00
520,225cdad6-8d8c-4a2f-bdbb-5013ceaf67a1,event_appearance,2017-12-26 09:18:55+00:00
521,0ad173c9-94d1-13a0-18ee-fd3df7a6b05d,organization,2017-12-26 09:29:25+00:00
522,79b249b5-5845-4927-bd64-713a151eae2f,job,2017-12-26 09:35:36+00:00
523,1e523ff3-03dd-422a-a5b6-68dc027ee4a3,person,2017-12-26 09:37:01+00:00
524,547e88c7-0b6f-4c21-b8b0-e6a7922d4c6c,event_appearance,2017-12-26 09:37:01+00:00
525,c043dbe0-204b-685b-54d4-c55442eb8f08,job,2017-12-26 09:40:37+00:00
526,3cd1ba8d-7048-4f72-80f3-c804a52c1f71,job,2017-12-26 10:20:38+00:00
527,b10f5d9f-8ce6-4d00-831f-01a626218574,job,2017-12-26 10:25:13+00:00
528,aeba77c6-30dc-4b3a-b5f2-ba4c291074ac,job,2017-12-26 10:31:35+00:00
529,986f0b9f-c926-689c-98d0-66e6bf6ebc24,job,2017-12-26 10:32:12+00:00
530,1629e2ac-5053-49f1-b58a-7312fa67ef68,job,2017-12-26 10:32:14+00:00
531,a5faf6d8-40a0-e5e7-c439-d50396f589ed,person,2017-12-26 10:39:01+00:00
532,33ae613d-6efa-4ba5-939a-552734ff0033,job,2017-12-26 10:39:40+00:00
533,9f91e5df-87e6-4929-8afd-026ecee89a93,event_appearance,2017-12-26 10:40:29+00:00
534,8c94a210-30d4-d6ed-221d-8c1457c6dce0,job,2017-12-26 10:44:26+00:00
535,eb1b3c6f-fd40-4593-923f-f56bf85bab65,investment,2017-12-26 10:50:04+00:00
536,99a1c1f4-670c-b11b-6aa2-f431224bd6ed,job,2017-12-26 10:59:25+00:00
537,6d8fe752-397a-4fc6-8093-c0d2f61b373c,event_appearance,2017-12-26 11:29:29+00:00
538,bf974c36-043e-945b-d1be-49d0626cb3fc,job,2017-12-26 11:44:11+00:00
539,db065116-3303-7499-aa89-c0e4c6ee91e7,person,2017-12-26 11:44:11+00:00
540,cef82fdf-7a2f-4f7d-bb90-4bb175dbb07a,event_appearance,2017-12-26 11:52:21+00:00
541,bb34b2ad-8b1b-563c-40f2-6db82160dde7,job,2017-12-26 13:27:24+00:00
542,53d560cd-f313-4e28-a266-e418dc4df03b,press_reference,2017-12-26 13:45:25+00:00
543,20a9d10a-3565-4806-955b-4bd6c3e72407,job,2017-12-26 13:55:37+00:00
544,ba322dd8-5117-bc4c-a861-ed87397c511c,job,2017-12-26 15:08:14+00:00
545,11301614-b0c2-fd37-2591-129d6a0f6d37,job,2017-12-26 15:10:05+00:00
546,d77ed5a6-ba60-43ab-93d7-ba09f1919b90,job,2017-12-26 16:00:32+00:00
547,136a8358-1b63-4b86-aa90-fbddbd1fd2db,investment,2017-12-26 16:18:02+00:00
548,c95f1a72-ac30-4e9c-99b3-0af51e6f6d9c,investment,2017-12-26 16:18:16+00:00
549,081de415-9478-4308-9e6f-4233e1171d16,investment,2017-12-26 17:30:36+00:00
550,0415432f-7b85-48a3-b213-7f9c219e916f,job,2017-12-26 18:35:27+00:00
551,44849cb8-ded1-bc3d-94ed-3f48d4906aa1,investment,2017-12-26 20:34:04+00:00
552,673d38b2-2c64-4eae-8a4a-b293421def57,ownership,2017-12-26 20:42:44+00:00
553,87bbd070-a1f1-46bd-9a8a-219fd8f816ad,investment,2017-12-26 20:51:20+00:00
554,7f952a03-2cba-ff76-4b4d-20f1cbf5e543,job,2017-12-26 20:53:38+00:00
555,c00e5e9e-c837-43ed-8bc8-34722a58982d,degree,2017-12-26 20:59:24+00:00
556,09b61bab-e9ab-452b-8c7b-dc8592cb8fb3,job,2017-12-26 21:02:07+00:00
557,dd1941bc-fda6-9bec-ab00-806e160aebb7,job,2017-12-26 21:11:50+00:00
558,1f84c17c-2350-cb97-af50-3f870ee2a113,funding_round,2017-12-26 21:14:45+00:00
559,2d744e52-7b86-632d-d96d-64e0d6069bb9,investment,2017-12-26 21:14:45+00:00
560,be7654fe-2707-4539-b4d6-9aac180b3f0f,investment,2017-12-26 21:35:44+00:00
561,1f00edd7-cac3-46c1-8aec-ec7ea3e3d8a9,funding_round,2017-12-26 21:43:33+00:00
562,cc8e3c07-1c6e-4293-a80b-42686894955a,investment,2017-12-26 21:43:33+00:00
563,527ea2c0-62f4-5dca-078c-d3cbd689000f,job,2017-12-26 21:57:41+00:00
564,09ab3514-b68a-4170-93c9-9dec62c2e38d,organization,2017-12-26 22:31:07+00:00
565,a1bc9c6f-46b8-42f1-929e-a6afc4c153fa,organization,2017-12-26 22:31:18+00:00
566,9c65eb63-e49a-34f1-ce01-5e6f11f47d4a,job,2017-12-27 00:04:50+00:00
567,2cb5e68f-0ed7-f9be-1ad2-897273e9ae7f,job,2017-12-27 00:06:08+00:00
568,be6b571e-3fd1-da69-760c-5a9874c4baa5,job,2017-12-27 00:06:37+00:00
569,a657fea5-a908-4415-b7f6-703e16e258f1,job,2017-12-27 00:32:56+00:00
570,8d52764e-ea6b-4c94-8f02-92e684752c11,job,2017-12-27 00:39:58+00:00
571,ff9b19b7-6f21-8819-8897-9f891be1a479,job,2017-12-27 00:50:08+00:00
572,4fc30306-cfef-eda8-b03b-9dd25c1b080a,press_reference,2017-12-27 00:52:41+00:00
573,af4c511d-c607-9208-f5b7-63aef1c44de5,job,2017-12-27 02:22:57+00:00
574,2b2927a7-8973-47fe-87ca-0704fe63d616,event_appearance,2017-12-27 02:36:33+00:00
575,e39cca63-7518-4339-b601-cde10871748a,event,2017-12-27 02:36:33+00:00
576,7502df52-6a58-4d4b-8c4f-7b44b65c40b8,event_appearance,2017-12-27 02:38:29+00:00
577,b4b62a6a-5a7a-49f5-9ec1-0d6b30808e3d,event_appearance,2017-12-27 02:41:55+00:00
578,d47801ba-2d3e-464a-9546-3f1fe804a8e6,event_appearance,2017-12-27 03:14:18+00:00
579,fb089b9d-eddc-90c1-9512-e88a6fff58e4,job,2017-12-27 03:54:17+00:00
580,ed661dab-0274-f6b6-7247-93025263fe18,job,2017-12-27 03:58:03+00:00
581,ddc75c3e-d105-44ba-9917-0d7d1edcd7de,event_appearance,2017-12-27 04:17:11+00:00
582,f94a6fc0-2663-432c-9d47-aba27a39b65a,organization,2017-12-27 04:34:30+00:00
583,7ab4baa0-91a3-44f8-ad90-6afa4a563fc7,organization,2017-12-27 04:35:47+00:00
584,007b3f84-da42-32e8-4c08-fc426788a21f,organization,2017-12-27 04:45:02+00:00
585,19bc4464-8b09-36f8-f7c0-b38d099b1ac0,person,2017-12-27 04:45:10+00:00
586,9ef59163-3f0e-a86a-7e10-cf6e7607e4f8,job,2017-12-27 04:45:10+00:00
587,cdcb0297-391a-4349-9f75-be22b33f224f,organization,2017-12-27 04:45:36+00:00
588,428d7f9a-f48b-2746-518a-44fdb1575423,job,2017-12-27 04:47:45+00:00
589,a0c80fdf-23ce-41e6-ab38-48f8c3020a14,organization,2017-12-27 04:53:02+00:00
590,691fa547-80bc-4d0d-9c4f-a18dc66f743b,organization,2017-12-27 04:53:15+00:00
591,aaefbecf-759c-2b27-8a00-599700d7dc0b,job,2017-12-27 05:15:09+00:00
592,dc95ff82-4560-4b44-aaa3-7dffee23da88,acquisition,2017-12-27 05:31:17+00:00
593,f3ab5955-2ce0-4edb-9c30-3a99c1b57efc,press_reference,2017-12-27 05:31:17+00:00
594,73a703cd-8b7e-bdf0-5a59-03e4ee8be71e,job,2017-12-27 05:31:40+00:00
595,10487aab-06cc-4bd9-a3fb-564495c06833,job,2017-12-27 05:33:42+00:00
596,12a8f524-1a2f-4ded-8869-114e1be1414d,job,2017-12-27 06:11:27+00:00
597,9a8531de-f0b4-4a09-b57c-a31a25358963,degree,2017-12-27 06:12:52+00:00
598,75d3dfdf-0e2e-46ac-8947-b75e90b3228c,press_reference,2017-12-27 06:19:00+00:00
599,868200cf-bb24-2ffa-8b2d-93b2c6c490db,job,2017-12-27 06:19:30+00:00
600,d6e9191a-6e1a-ffb1-f202-02e46f132591,job,2017-12-27 07:33:31+00:00
601,6625b1b4-d25a-189b-1d21-8de4df3bf681,investment,2017-12-27 07:36:14+00:00
602,02f5b026-2c71-dbbf-f51e-d3ba2229d8dc,person,2017-12-27 08:25:41+00:00
603,0b3c2489-0097-4a19-9dd0-462f37b57f3d,person,2017-12-27 08:33:50+00:00
604,2c2b35b7-df64-49f1-a1d2-d675d15c1899,event_appearance,2017-12-27 08:33:50+00:00
605,f52c1281-d4bb-d4b0-9a2d-92858f907aba,job,2017-12-27 08:34:57+00:00
606,fb487d9b-4a95-b7af-1aaa-850356292bce,organization,2017-12-27 08:35:37+00:00
607,1b287d9a-236e-4b6a-b3e0-091427318f48,job,2017-12-27 08:39:00+00:00
608,e5da6d1f-3fe6-3e49-a5b4-0d14a3a654f2,person,2017-12-27 08:42:48+00:00
609,4174f4b8-139a-4c54-8e70-57c2f89612cd,job,2017-12-27 08:43:40+00:00
610,5d2d9380-a18d-d7aa-ff14-b8557648b453,investment,2017-12-27 09:08:42+00:00
611,dc9c1280-d019-cabe-f943-f4bb399ca51c,job,2017-12-27 09:14:31+00:00
612,5177bfc4-1877-1206-c254-78ad6f6788ff,person,2017-12-27 09:20:08+00:00
613,0d05065b-5068-46ed-9667-b9be350de8a4,job,2017-12-27 09:38:17+00:00
614,d816ccd4-79fb-e47b-405c-aa064f26c3d1,job,2017-12-27 09:52:25+00:00
615,73ea56ee-825b-4446-804b-003fe8ee0b9b,job,2017-12-27 09:55:16+00:00
616,afab9480-a7ba-46d1-8f60-1dc4005fc29d,organization,2017-12-27 09:57:51+00:00
617,0f066a8a-7923-46b3-8be2-031b91f1a86c,organization,2017-12-27 10:11:46+00:00
618,55887d0f-3f2e-4346-955e-486ed3374dee,job,2017-12-27 10:11:46+00:00
619,26ac4f2a-c646-d88f-6448-ea579fb1eb1c,job,2017-12-27 10:15:33+00:00
620,abde7199-7874-fc0a-88b1-39af21c127f4,job,2017-12-27 10:54:41+00:00
621,5ac6f813-f074-479d-b250-d13754a0f049,degree,2017-12-27 11:32:19+00:00
622,8f6bad9e-1c5c-43ff-af6c-0df7d3fd59c2,person,2017-12-27 11:32:19+00:00
623,1bb97ac8-d086-46d6-86be-e097963015a3,person,2017-12-27 11:32:45+00:00
624,0d706b1d-bb4c-552f-879d-cec8cd8ff5d9,person,2017-12-27 11:40:16+00:00
625,569635f9-8439-7bdc-3e17-55e2f3995b03,job,2017-12-27 11:53:32+00:00
626,c96e985c-eac5-4168-a01b-446cf4f05496,job,2017-12-27 12:08:46+00:00
627,ddb8b537-53fc-4b94-b910-511bc8d0e1fa,job,2017-12-27 12:10:27+00:00
628,09ef9a44-6f37-48b4-bd82-d407cfa01681,job,2017-12-27 12:11:46+00:00
629,e7362c9e-a065-4591-63e2-5636cd33c08b,organization,2017-12-27 12:16:43+00:00
630,5d416e99-b937-8754-61b9-2631ee65e877,job,2017-12-27 12:31:24+00:00
631,0bf24b4d-7086-84ea-38f8-7892cbcf7333,job,2017-12-27 13:15:34+00:00
632,8a02f31c-cf77-f065-94ca-ae7e13eab978,job,2017-12-27 13:22:01+00:00
633,c67e7980-a4ff-1c0e-900e-fd640ab47f32,investment,2017-12-27 13:22:53+00:00
634,9a37978e-79a7-0f82-94b5-ab7350c74b93,job,2017-12-27 13:31:15+00:00
635,7486cfb5-fa8b-4914-ba90-3a9ce5577a89,investment,2017-12-27 13:46:10+00:00
636,f040536e-d38f-4d74-9936-0e6f12c49317,organization,2017-12-27 13:46:10+00:00
637,3ea68a2d-caa9-25d8-1bd0-49ca4aa7712e,job,2017-12-27 14:19:33+00:00
638,54ecfb49-76cd-2809-7ded-e8ea3ff80b02,press_reference,2017-12-27 14:29:21+00:00
639,fb37dca8-edb9-dc91-8f44-14107ffbae9b,job,2017-12-27 14:50:10+00:00
640,ebc3c22f-05e7-a60f-9c61-441e62632a02,job,2017-12-27 15:07:36+00:00
641,c1380036-72d7-4236-c035-f28a9a5da80c,job,2017-12-27 15:10:44+00:00
642,5a21d8a5-9e95-4724-88a4-45c7ccab1201,investment,2017-12-27 15:11:14+00:00
643,754ad757-93a6-02ca-2b0c-bc10a3861d5b,job,2017-12-27 16:57:58+00:00
644,e9c6546d-0f5e-805f-60d7-aeedcfc6d9de,investment,2017-12-27 17:26:41+00:00
645,cfbe81a3-9186-4315-870d-86a2a02ad1e6,press_reference,2017-12-27 18:20:33+00:00
646,1bce3a09-9469-e08c-f77f-c8dfa76bd668,person,2017-12-27 18:43:31+00:00
647,365dad87-c537-4c29-8b76-173f8d3751b6,person,2017-12-27 18:48:46+00:00
648,375c6c24-4b02-5be2-a450-9987abafd74a,job,2017-12-27 18:55:08+00:00
649,3944de17-60a1-45cc-bba5-462a28b7796d,ipo,2017-12-27 19:01:04+00:00
650,280a8b2c-ea20-43f9-a331-45f76636d0b3,person,2017-12-27 19:05:45+00:00
651,696c8d82-e619-dd7a-c045-a971c80323a5,organization,2017-12-27 19:19:06+00:00
652,74033577-2a22-ed81-5783-95058503e33b,press_reference,2017-12-27 19:19:06+00:00
653,fe504038-0348-4810-b944-cb67021da903,acquisition,2017-12-27 19:34:12+00:00
654,fd2cc608-0962-bf46-1df7-89e949a0cf32,investment,2017-12-27 20:45:43+00:00
655,ccecad29-ee34-b819-b99a-3c3a63fd0652,person,2017-12-27 21:49:55+00:00
656,e1c22b74-37bb-477e-98bd-1077a0d1bf3d,press_reference,2017-12-27 22:00:36+00:00
657,26851073-b80c-50cf-588c-e62312303a26,job,2017-12-27 22:07:17+00:00
658,976f2b64-0c2f-4755-8806-b44e0acf4365,person,2017-12-27 22:14:49+00:00
659,61beba38-8979-4f96-989b-a9ebe2c56e93,organization,2017-12-27 22:17:25+00:00
660,94bc1837-2938-45f0-9096-78c3892a6a14,event_appearance,2017-12-27 22:27:55+00:00
661,cda74b7c-f946-46a7-abc8-f77be713fd44,funding_round,2017-12-27 22:38:05+00:00
662,30863d45-ab9d-c2f6-63a9-fd18c5e6f3f0,job,2017-12-27 22:39:17+00:00
663,0805611f-f4de-45c1-a95e-589d5636c338,press_reference,2017-12-27 23:45:49+00:00
664,bee17eb9-3d83-407e-ba36-0c3f4b9021a2,job,2017-12-28 00:46:37+00:00
665,f2fcfcd6-26e0-4462-bca4-88459e5b3fa2,job,2017-12-28 01:14:35+00:00
666,7709c8d8-e04e-890e-5929-bf16096be167,job,2017-12-28 01:15:30+00:00
667,d7056fe0-3030-429b-aa43-c4a0823f4f01,investment,2017-12-28 01:23:38+00:00
668,685777e1-1443-473f-b421-41b4500295e9,investment,2017-12-28 02:02:52+00:00
669,d8fc6a12-b55b-d0e4-c380-3eba8d8c4675,job,2017-12-28 02:27:59+00:00
670,8cb9c3df-0d62-b971-ccf7-d8047d01c6b4,job,2017-12-28 02:44:50+00:00
671,7ed56215-a07c-5ca5-5dd6-c62fbc395e51,job,2017-12-28 02:47:40+00:00
672,2966b799-a13c-e382-89ff-011e96329120,job,2017-12-28 02:48:12+00:00
673,2844f573-e5cb-498c-9e37-945f3287d001,investment,2017-12-28 04:01:30+00:00
674,394ba317-cb95-4287-a5c8-050c96d9f521,funding_round,2017-12-28 04:01:30+00:00
675,1a626aff-e078-5974-5457-5707714d0280,organization,2017-12-28 04:03:41+00:00
676,41ac3fcf-7304-4439-9c78-1e1a2086f063,job,2017-12-28 04:03:41+00:00
677,4d3d4a75-467b-4c09-5343-23b6210547b9,funding_round,2017-12-28 04:03:41+00:00
678,9144029b-169e-48c7-80eb-fd23b6aa9da0,organization,2017-12-28 04:05:41+00:00
679,6e70c75a-59fe-d66f-0e47-37cd4f98fa44,press_reference,2017-12-28 04:08:03+00:00
680,ffc00ccd-c133-b969-6e45-06eb128033df,funding_round,2017-12-28 04:08:03+00:00
681,6b8ee7e1-9134-499c-a2c7-2426b32cace1,organization,2017-12-28 04:25:59+00:00
682,ee6c1c2e-d9e9-4c72-8056-d8be80bfe4d7,organization,2017-12-28 04:28:29+00:00
683,4831503f-a170-e766-a15e-8e02ad0128e5,job,2017-12-28 04:49:17+00:00
684,1f795909-5a3a-476d-8f3a-61f6ed32345f,organization,2017-12-28 04:59:11+00:00
685,131760f9-d013-4744-b1c0-35a7abe73ebd,degree,2017-12-28 05:02:05+00:00
686,4536aa00-4972-4d51-87a8-0b648b4b0f84,job,2017-12-28 05:02:05+00:00
687,0a4523b9-e648-415f-822c-dc0388b0fceb,job,2017-12-28 05:18:38+00:00
688,704c488e-df0e-4412-a16e-a100227f32eb,organization,2017-12-28 05:30:41+00:00
689,b7bde381-59f8-451f-b695-111cb3ceeebf,organization,2017-12-28 05:30:49+00:00
690,133710d0-f968-4dda-90e5-cfa919632af9,event_appearance,2017-12-28 05:34:42+00:00
691,48b213b9-59f4-ca3f-47a1-a2a4735b8613,job,2017-12-28 05:35:15+00:00
692,9a609444-693b-4a91-bba8-0e8ee6d5a1a7,organization,2017-12-28 05:37:41+00:00
693,8343df1d-99b2-739b-568e-6e96943654af,organization,2017-12-28 05:40:19+00:00
694,2810170b-2efc-abb7-b1bf-a3d3be010cd9,organization,2017-12-28 05:41:39+00:00
695,02c6ae17-b826-0f99-f3f2-a349d1940642,job,2017-12-28 05:49:26+00:00
696,98573121-559d-4791-85f6-f84ef42aefca,organization,2017-12-28 05:50:56+00:00
697,51f7a99e-7047-40e3-992f-394a1eece6ce,organization,2017-12-28 05:51:06+00:00
698,3495aa47-9652-4196-8c78-796aba4664f0,investment,2017-12-28 06:12:33+00:00
699,d927763c-7e58-4acb-a002-71cbfb121063,press_reference,2017-12-28 06:15:31+00:00
700,c7f1713c-d8c1-48f0-9410-7fe0d209309e,job,2017-12-28 06:36:52+00:00
701,5e763361-ef5d-4f92-975d-ec044fdea6b7,ipo,2017-12-28 06:38:49+00:00
702,46ec530a-9b6e-7c04-d742-fe59c53ca326,job,2017-12-28 06:59:12+00:00
703,f06907c4-0034-693f-7959-726a6c538988,job,2017-12-28 07:40:31+00:00
704,2caff47d-2fd9-0f6c-8f74-5646b9d19378,job,2017-12-28 07:49:35+00:00
705,3056b0e0-2312-318b-40a6-1630b5ca56cc,job,2017-12-28 08:33:12+00:00
706,3051065a-142d-2c18-032c-3751a8649d8f,job,2017-12-28 08:33:25+00:00
707,59e01564-60f4-ac87-3f75-454284941c91,job,2017-12-28 08:37:14+00:00
708,43e08261-0ed4-00b8-6936-cdedc47439ef,job,2017-12-28 09:26:46+00:00
709,c37cc833-837c-a0d1-c806-43f7fba94d78,investment,2017-12-28 09:52:49+00:00
710,fa0fbf02-1c29-7927-36b7-2eeaaec8268a,job,2017-12-28 10:09:48+00:00
711,ade3d535-4f61-1063-12e0-967dcc52f0b3,person,2017-12-28 10:13:17+00:00
712,109637dd-c6e6-f1a8-9b95-78d52180f1f4,job,2017-12-28 10:18:11+00:00
713,70370889-ce84-851e-d4d8-6f17114b1cc8,degree,2017-12-28 10:20:03+00:00
714,fdd71ea3-39d0-4452-9a49-10ab88d78f67,person,2017-12-28 10:54:00+00:00
715,3a62a110-eba8-7934-97c2-543e494497f3,person,2017-12-28 10:55:42+00:00
716,d2dba417-f8dc-428c-b384-5b58868a4407,press_reference,2017-12-28 10:58:34+00:00
717,a018a0a8-be5a-af1c-5b35-b79cbe7555c9,investment,2017-12-28 11:53:08+00:00
718,df9d9386-6b78-5f0a-1523-6aaa70761af1,press_reference,2017-12-28 11:53:08+00:00
719,ed3e902b-100c-899c-924a-36b6d6856dbb,job,2017-12-28 11:53:08+00:00
720,003a1b3a-4a04-4618-b477-410b18f120d7,job,2017-12-28 12:01:48+00:00
721,48f2232c-9681-4dc2-8969-7070a7da5153,person,2017-12-28 12:01:48+00:00
722,62962238-0c1d-4cbc-83dc-b011d9dad378,event_appearance,2017-12-28 12:01:48+00:00
723,0585bfee-8b22-4218-967d-e6e6abfb800d,person,2017-12-28 12:02:11+00:00
724,cd4ba1d7-ef39-41fc-9e44-7d3a4798f5e5,job,2017-12-28 12:02:11+00:00
725,de7a2179-2884-4bc4-ad23-f0b8c14da0ff,event_appearance,2017-12-28 12:02:11+00:00
726,afa60218-4d7b-481a-87ef-5847921cd158,job,2017-12-28 12:25:38+00:00
727,46a1c546-d522-107c-30b1-6fa6ae4cc779,job,2017-12-28 14:20:02+00:00
728,4bae686f-8f13-49bf-8164-b9d57a9885d1,job,2017-12-28 15:29:12+00:00
729,b436f2d3-2728-4065-bb91-44641784b65e,ownership,2017-12-28 16:32:20+00:00
730,2bf4e6ef-5221-6022-c1c6-bca56de10de9,job,2017-12-28 16:37:21+00:00
731,012409eb-0b5b-b57e-0140-466499e7fc18,job,2017-12-28 16:53:54+00:00
732,cb1fa674-dfe5-de5a-44ba-6afc08f08a0f,job,2017-12-28 17:07:03+00:00
733,94cba789-5b5d-aed6-1fbb-0fdc5c05e001,job,2017-12-28 17:13:33+00:00
734,7d432dcd-3bf7-4d3d-aeaf-f6b42a2046c1,press_reference,2017-12-28 17:45:12+00:00
735,730f0399-3b65-411b-a970-716e1c035dd2,press_reference,2017-12-28 17:54:20+00:00
736,8257d13b-2301-72cd-aea8-997cc763e339,job,2017-12-28 18:11:36+00:00
737,df4491a6-e884-d9f1-b2bd-618fbb6b46a5,job,2017-12-28 18:23:06+00:00
738,66c1d697-d76d-49e1-69b5-12894c0c77d7,press_reference,2017-12-28 18:28:37+00:00
739,7ad564fa-b14c-a05d-640b-5ca734af00cf,funding_round,2017-12-28 18:28:37+00:00
740,fa2f3dca-1574-4b6d-b3a0-f584942fa0e7,funding_round,2017-12-28 18:31:03+00:00
741,8582c2ed-fcae-be12-ad6d-9074dcb58c9d,funding_round,2017-12-28 18:34:59+00:00
742,7a2cdd65-4b9b-c864-260e-4694909a005d,job,2017-12-28 18:39:38+00:00
743,17c0bd78-5649-47cc-a5c7-19cfd436ae52,job,2017-12-28 18:55:17+00:00
744,edb3654e-3823-451d-e6b6-734faecdaefc,job,2017-12-28 19:10:42+00:00
745,01ae4d54-8d5a-30cb-3813-9964223f63b7,job,2017-12-28 19:19:06+00:00
746,5b0f1076-efb9-7ed3-ff87-23f4c6094891,degree,2017-12-28 19:19:06+00:00
747,b6ab64bb-f5c4-437e-b827-180a406db925,press_reference,2017-12-28 19:26:04+00:00
748,3f921a33-d9a4-760a-2112-141f1e8d4e15,job,2017-12-28 19:47:19+00:00
749,f2650463-bcd8-0cc1-26d3-c748e6446f85,organization,2017-12-28 19:47:19+00:00
750,a6dcd622-f1b1-7127-2812-7bc7901bcbda,person,2017-12-28 19:53:47+00:00
751,f1f29822-d054-c635-ddc5-9653cb56f720,person,2017-12-28 19:54:19+00:00
752,fb30be69-d6c0-4d42-916c-3099b006188a,press_reference,2017-12-28 20:05:48+00:00
753,777a4dad-f3ce-4213-8e9e-806e17e96152,press_reference,2017-12-28 20:13:54+00:00
754,3daf01e7-5de6-f982-1366-becfcc9ccc70,press_reference,2017-12-28 20:33:17+00:00
755,6912d871-0ce4-fb96-625f-d70b92ac2989,funding_round,2017-12-28 20:33:17+00:00
756,775e67f7-07ee-d706-7f1f-55566f296187,investment,2017-12-28 20:33:17+00:00
757,ad3cfed0-bfe2-4a25-b6a0-898568ef28f1,organization,2017-12-28 20:39:53+00:00
758,67f48291-8455-d1cf-bbc4-c29427a7f8d0,person,2017-12-28 20:40:56+00:00
759,b0fa2c7d-5506-49f8-a24f-ad3058f5cad0,funding_round,2017-12-28 20:48:23+00:00
760,6d0b4a8d-081e-433d-a5ec-060fc72f128b,job,2017-12-28 20:56:04+00:00
761,55a01be7-b77e-b767-b558-357ddb1bbf92,investment,2017-12-28 21:04:27+00:00
762,8fcb4b94-dadf-6a1d-2e62-8cf79970c84a,funding_round,2017-12-28 21:04:27+00:00
763,80e774fb-9a16-6647-c331-98cb4acb0d1b,job,2017-12-28 21:48:55+00:00
764,63521c06-3ba6-27df-f567-d50704b24871,job,2017-12-28 21:54:23+00:00
765,e873f41e-40e2-9cf2-d26d-0ba23615e818,job,2017-12-28 21:54:38+00:00
766,ba01b9d5-88c5-415e-9748-f4139e6ab306,job,2017-12-28 22:00:06+00:00
767,ae50d361-801c-a48d-6b44-4ac71e9638c2,press_reference,2017-12-28 22:18:02+00:00
768,73d04d1a-51da-5642-1257-dd838cf98c44,job,2017-12-28 23:44:53+00:00
769,fb82e147-a7dc-4fee-b7fb-cefd43e66adc,event_appearance,2017-12-28 23:53:12+00:00
770,26c57431-2f8a-1d10-4e4d-ff9cc1fc3e3a,investment,2017-12-29 00:11:40+00:00
771,f7e84a47-78f2-41e8-97ce-22f9a373c5ac,investment,2017-12-29 00:18:10+00:00
772,f3024bb3-2a7a-46c6-d3a5-0422cd1c444f,funding_round,2017-12-29 00:22:30+00:00
773,51108128-9563-a5b3-ef62-722652d5a273,job,2017-12-29 00:31:21+00:00
774,fa88f603-c149-47e6-bd35-0d59f24f816b,investment,2017-12-29 00:51:05+00:00
775,889f14d6-591f-643c-5c52-e2fced8af5fe,job,2017-12-29 01:17:16+00:00
776,00ce7b7e-933a-4c27-be96-2bbb63b6c48a,job,2017-12-29 04:01:13+00:00
777,539e842e-541b-4b60-a34f-9028187a7e45,job,2017-12-29 04:07:52+00:00
778,f9aab507-7de8-4699-bf77-901700f1a3fc,event_appearance,2017-12-29 04:36:55+00:00
779,de8eb8e0-ed5f-4a4b-869a-45af17a06370,organization,2017-12-29 04:38:03+00:00
780,7eaf6e16-e9c6-8482-47b8-e3c196bb7ba0,organization,2017-12-29 04:39:15+00:00
781,cdcf7daf-112b-4e7d-45fd-aa901b2a09ba,organization,2017-12-29 04:42:29+00:00
782,80be6a13-e433-48a0-b802-0e6ddd8d9621,organization,2017-12-29 04:47:55+00:00
783,953c4e95-581f-ac3d-e877-7310e210d811,job,2017-12-29 04:54:06+00:00
784,e34d6d67-2a30-49f7-9bca-466986a461d7,event_appearance,2017-12-29 05:04:48+00:00
785,8357b2c5-2fa0-1392-9ed2-ef23b911265d,organization,2017-12-29 05:11:24+00:00
786,69645b89-fb4f-415e-a9ac-cda5d0d1abf6,organization,2017-12-29 05:11:58+00:00
787,22974b89-a367-4ce9-9f69-802a9f3d99ac,organization,2017-12-29 05:23:50+00:00
788,e3117bdd-8d1c-5a99-9c22-0086cf379729,job,2017-12-29 05:39:42+00:00
789,50457851-1c68-4fb7-ab31-6866462e80d5,investment,2017-12-29 06:05:37+00:00
790,716854df-493d-4c1b-94e2-2d92aac6e7d9,funding_round,2017-12-29 06:05:37+00:00
791,fab89614-85f4-45bc-9aae-239b797b5dde,press_reference,2017-12-29 06:05:37+00:00
792,0bbe04ec-3247-48bd-9940-928dfd2c6f4c,job,2017-12-29 06:36:09+00:00
793,4ebf67ea-82b5-4ce6-9209-b61dcd1ec928,press_reference,2017-12-29 06:41:19+00:00
794,6bde3ca0-da8a-a3c0-a075-1c90be331708,job,2017-12-29 08:08:52+00:00
795,a7e6830d-1bfd-4720-864a-4a3627d74dfa,person,2017-12-29 08:11:41+00:00
796,8c76607c-90c2-4d58-a019-e57bcac00a3a,event_appearance,2017-12-29 08:29:48+00:00
797,437ee275-a19c-4049-94ba-0e580561d364,event_appearance,2017-12-29 09:00:32+00:00
798,44b8fc53-a48e-8527-ad47-f364aa5673d3,person,2017-12-29 09:23:37+00:00
799,ec4fac56-f82b-13b4-4eee-58bde5e75abd,person,2017-12-29 09:32:04+00:00
800,e5864da1-d79f-4b00-076f-67df41b3524e,person,2017-12-29 09:33:42+00:00
801,de0d3556-03d1-5bd6-d327-6c6f50d077a3,organization,2017-12-29 10:10:43+00:00
802,e3b2c43e-b240-4d97-94a8-1567806e90c2,job,2017-12-29 10:36:49+00:00
803,e8f0b2ee-30ad-9f53-a357-138da6405c71,person,2017-12-29 11:08:29+00:00
804,8037b3cb-9c4d-c4c0-2d28-64b44a8c897e,person,2017-12-29 11:16:03+00:00
805,2e29d2bc-aef3-f9b8-382e-cd55d9698198,person,2017-12-29 11:28:20+00:00
806,f3176999-0db1-448f-b772-6147b3580e24,job,2017-12-29 11:28:53+00:00
807,84e05cec-caea-0148-d74d-5ff61ea6cfab,job,2017-12-29 11:59:41+00:00
808,d157f920-354f-761a-669e-280e3e763b40,person,2017-12-29 12:02:44+00:00
809,85211ab7-005a-eeb0-6aed-1ff1f791aac6,person,2017-12-29 12:12:44+00:00
810,5d36132a-cf9b-efd6-b9e3-f6e3f5546ca3,person,2017-12-29 12:14:25+00:00
811,1c0a93c9-65e0-c618-cdef-a5c601f3a534,press_reference,2017-12-29 14:00:42+00:00
812,f416fd1c-43bc-e947-8e3f-052ca8e141f8,job,2017-12-29 14:43:03+00:00
813,15124d56-6b87-822f-aaa4-06f7dccc2a7a,investment,2017-12-29 14:56:54+00:00
814,3968fa3b-b1f1-7d29-186c-7efcddbcfe76,organization,2017-12-29 14:56:54+00:00
815,e565b497-4b8a-8325-952c-2d9ca2776bdb,person,2017-12-29 15:14:22+00:00
816,f3bd37b7-c779-daa1-7902-cfd9309cba19,investment,2017-12-29 15:14:22+00:00
817,b3a6ec0d-c640-4288-a900-278ba1ad96a0,event_appearance,2017-12-29 15:25:17+00:00
818,793cb37c-e766-6a28-14c2-a7ce10fda094,press_reference,2017-12-29 15:45:25+00:00
819,7fd962a3-b6b9-8177-923b-dbbe9e44ef72,investment,2017-12-29 15:45:25+00:00
820,1cab6bb5-1bc8-4671-b85e-c283701ea89a,event_appearance,2017-12-29 15:57:15+00:00
821,3adddb57-8414-42a8-8937-ba5415b9e227,press_reference,2017-12-29 16:19:41+00:00
822,488e27fe-1029-49e9-c567-88f8ad8ac2f8,job,2017-12-29 16:54:33+00:00
823,58e34dd1-c1aa-f30a-9046-bba3c400d468,degree,2017-12-29 18:12:09+00:00
824,71287a33-08ab-dc61-69f7-cfda7794240e,job,2017-12-29 18:12:09+00:00
825,e0c31caf-e69f-fbdb-d8df-4e10083be60f,press_reference,2017-12-29 18:12:09+00:00
826,cd3d945e-77f5-2a7a-7a29-d23e99afbe67,job,2017-12-29 18:12:59+00:00
827,1906cc5f-2399-7c3a-efd3-a60f1a711f82,press_reference,2017-12-29 18:23:29+00:00
828,4f6def44-9f1c-6d66-d47c-ccecbdd2085a,job,2017-12-29 18:40:37+00:00
829,b466c541-d507-70e2-e78a-88a1026929c5,job,2017-12-29 18:41:54+00:00
830,c4c13db0-20db-91b4-2971-50dae96bd026,job,2017-12-29 18:46:27+00:00
831,1e886735-8fd3-498d-9b62-5c3a342d7a30,press_reference,2017-12-29 19:21:17+00:00
832,2fa15556-5e5a-445e-9433-6154fafc4d93,press_reference,2017-12-29 19:24:10+00:00
833,4a232a6d-e6f6-6ee0-6ef5-03d23d706008,job,2017-12-29 20:01:17+00:00
834,71509ee5-2401-e2d3-2627-0493dc94c8e5,job,2017-12-29 21:27:40+00:00
835,53182845-9b6b-c431-0e76-58fe0798a04b,press_reference,2017-12-29 21:32:36+00:00
836,b2969b18-4d02-47fd-83a0-09f14e4a1942,person,2017-12-29 22:05:25+00:00
837,6f6977c1-a626-2ad6-444d-6c32ab89e431,job,2017-12-29 22:05:57+00:00
838,89146c5e-1c04-41ef-a4a5-4a0f10a0a1ae,funding_round,2017-12-29 22:07:00+00:00
839,b821d2f2-01f1-324d-b536-a730f1057e2b,job,2017-12-29 22:07:36+00:00
840,1315b5a7-6297-4f1b-a7ae-3f64e7ceb844,funding_round,2017-12-29 22:16:17+00:00
841,ab91a36b-f6bc-147f-5b45-a0f0b346484e,job,2017-12-29 22:17:50+00:00
842,40772c08-f421-4dbe-ae4e-6e19d8e7df80,press_reference,2017-12-29 22:27:03+00:00
843,a02030f7-a877-a19c-87af-86eb14505ce1,job,2017-12-29 22:38:23+00:00
844,f4b5cabb-573d-ebbd-ccf1-23129f13688f,investment,2017-12-29 23:02:58+00:00
845,319f16cf-fc2a-4946-886b-b70c5d2e22b9,investment,2017-12-29 23:08:56+00:00
846,625e790c-987b-4222-a865-b5ef1df54d7d,job,2017-12-29 23:16:45+00:00
847,779a1a48-5e22-4836-a30f-8d3fae443737,event_appearance,2017-12-29 23:24:51+00:00
848,e57ac246-3763-f6ec-fd06-63db4b600635,job,2017-12-30 00:33:06+00:00
849,b30d3aca-454a-691f-1157-41e6fd527989,job,2017-12-30 00:37:19+00:00
850,4537d933-8a73-420e-9e3f-ed27800020f1,investment,2017-12-30 00:47:49+00:00
851,9c2fa37c-a4af-4267-8cb3-d478f9d4e357,job,2017-12-30 01:22:22+00:00
852,319e9698-ee2d-4725-97f1-2b91b1992724,press_reference,2017-12-30 03:42:46+00:00
853,53e07ee6-483c-4326-9be9-cbad2015df05,funding_round,2017-12-30 03:42:46+00:00
854,a4372187-af0e-4fcb-8a42-f245bae6ea22,organization,2017-12-30 03:42:46+00:00
855,14805c48-caa6-4240-aa63-08784eaf7b72,press_reference,2017-12-30 04:16:17+00:00
856,454e0417-621e-4b45-8d86-26b1a410866a,funding_round,2017-12-30 04:16:17+00:00
857,4639ed97-96f1-45ec-92eb-98f8d7724052,event_appearance,2017-12-30 04:21:58+00:00
858,ed068c60-bf47-4495-86bf-091920a18c83,job,2017-12-30 04:22:17+00:00
859,f5f3d6ae-280a-4d4b-8113-0b56d6fd02e5,person,2017-12-30 04:22:17+00:00
860,32fc515a-e134-467d-ae8f-47a06949bc27,event_appearance,2017-12-30 04:33:24+00:00
861,773eb9ee-bd47-90c8-a8c1-9b90388d5049,job,2017-12-30 04:33:41+00:00
862,8f2d4dd9-7b57-1d97-c416-26152df60276,job,2017-12-30 04:47:59+00:00
863,28e39f93-302f-4f61-80de-6340abe1ead0,event_appearance,2017-12-30 05:21:02+00:00
864,4919924d-20a5-f209-9d1b-fba19f582fc7,job,2017-12-30 05:51:48+00:00
865,e50637dd-0906-617f-ea91-bdd711eeb3d6,job,2017-12-30 05:59:16+00:00
866,36657400-436e-4bd6-48ba-23f052b6ba5e,organization,2017-12-30 06:11:17+00:00
867,0bd87c36-1db9-c0dc-7436-1beeae39056e,funding_round,2017-12-30 06:13:06+00:00
868,3bdb402c-6221-4867-367c-fe6445d4e286,investment,2017-12-30 06:13:06+00:00
869,c6ad2db4-6c9b-3eca-0ef4-ac3c3b14ef13,press_reference,2017-12-30 06:13:06+00:00
870,93f6527a-734d-bcd0-bb08-b47956587ad3,job,2017-12-30 06:15:09+00:00
871,cfb17226-ae6d-03ce-c584-170c74825bda,job,2017-12-30 06:57:36+00:00
872,107922f4-d416-4d08-bf39-21ca7b0697b2,job,2017-12-30 07:58:43+00:00
873,338fdf52-3edc-0eaf-8979-fba0bff59c2b,job,2017-12-30 08:06:41+00:00
874,e1980f9a-07cf-4834-ab81-66d25aad39f3,press_reference,2017-12-30 08:10:30+00:00
875,f1f93ad0-c2d4-e36c-4fc4-00502d4e7f88,job,2017-12-30 08:27:33+00:00
876,28fb55bc-2468-8eed-c19e-da65634d65cf,job,2017-12-30 08:27:43+00:00
877,d0957a6e-fc2c-6044-723a-d6deb476eb00,job,2017-12-30 08:29:50+00:00
878,f50b1af7-b0a3-9184-3370-d45f38e936d3,job,2017-12-30 08:34:39+00:00
879,0bff1d19-db1d-20db-8939-98db683c08d4,job,2017-12-30 08:44:03+00:00
880,0b405441-9013-1ca8-0dfa-355253154d77,job,2017-12-30 09:20:03+00:00
881,68081897-e646-1436-6d83-dbf391401651,job,2017-12-30 09:23:14+00:00
882,704533da-043f-afea-2f8f-dce9b3a0e7ef,job,2017-12-30 09:40:57+00:00
883,0dc6b352-48a8-142a-202d-b7af5e9831ef,job,2017-12-30 09:49:42+00:00
884,191c2880-1f42-0bb4-d3d8-1c8fd29db5f8,job,2017-12-30 10:05:00+00:00
885,5d3d1cb2-dd2b-446b-8799-14a6675c67a3,person,2017-12-30 11:06:57+00:00
886,33b39f89-2bfb-6046-1fbd-e2d1151ed74f,person,2017-12-30 11:17:58+00:00
887,db632efc-cba0-524b-fd37-e83c8688d135,person,2017-12-30 11:21:41+00:00
888,c7db43ef-b114-4750-afaa-37e91705883a,job,2017-12-30 11:34:16+00:00
889,acfda70b-8e40-262e-fe96-177e62fbf504,job,2017-12-30 11:45:48+00:00
890,7f25df67-1477-12e9-e32c-14903d904901,person,2017-12-30 11:53:18+00:00
891,090e1ab2-2ee1-fbd5-c4c0-55750bec3f04,job,2017-12-30 11:54:00+00:00
892,97c90753-419c-6402-16e4-8145e168c176,person,2017-12-30 12:09:42+00:00
893,5a0e62f8-b3a7-4700-9049-21cdbdc76f01,person,2017-12-30 12:19:01+00:00
894,cf723123-8cc1-2c6a-acf1-d8e346785957,job,2017-12-30 12:27:27+00:00
895,a51eac9e-9608-ac9a-2bc3-b858898ccb88,job,2017-12-30 15:35:28+00:00
896,18c5fb9e-59b7-4f6f-9ee4-853b791d7ca4,organization,2017-12-30 16:13:42+00:00
897,55201aa3-3b6b-5eb3-1463-34960242702f,press_reference,2017-12-30 16:28:51+00:00
898,1e2be93c-f6e6-c637-d81e-7333cf8c48df,job,2017-12-30 16:54:30+00:00
899,c3664f65-74ee-36f4-3df3-dd5d2cc970d0,job,2017-12-30 16:57:29+00:00
900,94c51feb-e0aa-4202-8039-df2474c77eef,funding_round,2017-12-30 18:49:41+00:00
901,eabe5b42-b664-0947-4b42-00e011c3ca8f,investment,2017-12-30 18:58:39+00:00
902,a33da0ed-6e96-95b2-8bbe-bfd1f08520dc,job,2017-12-30 19:45:57+00:00
903,93aeb8a3-981d-5885-23a3-2dd856dea5a0,job,2017-12-30 21:00:18+00:00
904,208ec87e-26d7-022c-2b38-52479117659c,degree,2017-12-30 21:14:48+00:00
905,f56a9289-a180-74c3-7ca4-6063f864b4a7,investment,2017-12-30 21:20:52+00:00
906,29f8df1d-3fe2-391a-6496-47fce0a01839,degree,2017-12-30 21:33:10+00:00
907,18fb50f9-576e-4374-8ae4-14888f898df2,event_appearance,2017-12-30 22:57:17+00:00
908,9de697af-4e77-4d6f-9f56-6b95d0c3ddcb,press_reference,2017-12-30 23:44:35+00:00
909,ed206157-b7d6-4f1b-b5eb-3601ce003fdf,job,2017-12-31 00:49:29+00:00
910,bdb0096a-fa88-f35b-20ef-df0a16fd82ce,investment,2017-12-31 01:04:28+00:00
911,cd724bb4-f436-42ea-8982-43eebe24d985,job,2017-12-31 02:05:24+00:00
912,8c3b9a01-c1f4-4ac1-a85a-905f5c71e061,press_reference,2017-12-31 02:10:41+00:00
913,0a24b78f-cc39-5110-d195-c3b55c903c5f,job,2017-12-31 02:34:52+00:00
914,b52423ff-8fd9-9091-9557-f84deeba6be8,job,2017-12-31 02:37:59+00:00
915,ea71b4fc-998d-fda2-3dd6-07193ed78a03,job,2017-12-31 02:41:34+00:00
916,8cc83ed9-74f8-72df-b17d-6f225133577b,job,2017-12-31 02:54:39+00:00
917,2678e98b-d1fd-a21b-2581-f9856abed018,job,2017-12-31 03:38:38+00:00
918,3edc31b9-fc98-4f67-8036-515d39ff5380,job,2017-12-31 03:39:25+00:00
919,85fa537e-36af-4255-a645-60735b53c7df,job,2017-12-31 03:48:52+00:00
920,89259d2e-db4e-c6dc-e65f-45c9123e3cdb,job,2017-12-31 04:02:38+00:00
921,3aa5d6bb-4463-a6b2-b1c0-e25688232380,degree,2017-12-31 04:24:14+00:00
922,8031b012-beb5-80a9-17a5-b63efe491d4a,job,2017-12-31 04:27:26+00:00
923,ccdc2f1f-9b3b-4330-8ca7-38bd4b27c6ad,job,2017-12-31 04:36:02+00:00
924,567e10d1-118d-4c2d-957b-d6ff4273b866,event_appearance,2017-12-31 04:41:10+00:00
925,16261d78-2a06-fe94-6f90-a02b78d5275f,person,2017-12-31 04:44:38+00:00
926,d94409a6-7a33-4058-b233-70cc4d6ada97,job,2017-12-31 05:00:51+00:00
927,8600b066-3975-0f2d-aea5-def38e3e7f23,job,2017-12-31 05:03:15+00:00
928,6da6ccc3-20bf-4398-68b9-423ddaec237b,job,2017-12-31 05:21:52+00:00
929,82dacdf6-f181-1703-07e8-353a08d2ac91,job,2017-12-31 05:45:38+00:00
930,c82c6c80-1d7e-d796-758b-4f162c3ea14b,person,2017-12-31 05:53:16+00:00
931,d891b8ee-e89b-b2df-b837-47da07a2a737,person,2017-12-31 06:04:36+00:00
932,3d358074-5063-43a1-b74a-596bce6607c5,job,2017-12-31 06:10:33+00:00
933,77566680-f551-5e4e-4f36-7cb6dd1f1bc5,job,2017-12-31 06:10:37+00:00
934,d5b335c3-e2d9-04c7-2163-f8cd124d4a55,job,2017-12-31 06:57:59+00:00
935,9eb34004-836b-b40d-ada9-2790c630b480,job,2017-12-31 07:09:11+00:00
936,f31f12d1-e19a-2f7e-1688-ac6ab9af81a9,job,2017-12-31 07:21:42+00:00
937,7ab13dbe-32b0-3714-64e5-c114fb738eba,job,2017-12-31 07:30:06+00:00
938,67581919-2db2-0d71-be81-c537d8f27566,person,2017-12-31 08:13:53+00:00
939,f4f803cb-2919-07ae-e946-ae1461d17032,job,2017-12-31 08:32:30+00:00
940,fd4f43b6-3ccc-51b8-121e-4db67eead4a6,job,2017-12-31 10:53:23+00:00
941,a8f4d29b-3d72-425b-8084-027c73886b46,ownership,2017-12-31 10:54:21+00:00
942,2d3f5fe0-fd09-c5de-07c4-4b3f67683120,investment,2017-12-31 12:01:13+00:00
943,fa94fcfa-ff0a-c68c-ea7e-6ae3fc04697f,press_reference,2017-12-31 13:12:39+00:00
944,a978793c-2b63-caa8-e71f-412c0ace1dc0,degree,2017-12-31 13:54:38+00:00
945,cec085ee-4fcf-4665-856e-ac5ee5c32e67,press_reference,2017-12-31 13:54:38+00:00
946,ff4991c1-7c32-5973-97a1-807de3bdf356,job,2017-12-31 13:59:57+00:00
947,09bff899-fd9e-4fe3-b60f-128d996e0d38,investment,2017-12-31 14:50:07+00:00
948,fc92582d-3f0f-0d4e-b8ca-4508326f8ec5,job,2017-12-31 17:03:28+00:00
949,2b8d2e83-f413-9a61-e8c4-b218ec08c7f3,job,2017-12-31 18:12:24+00:00
950,9575e56f-3bb8-402c-adc7-7fa5b433f8f5,event_appearance,2017-12-31 18:30:03+00:00
951,3d594e88-2661-44f5-961f-5575fc810f9a,ownership,2017-12-31 19:38:33+00:00
952,c65d6e87-4176-49a5-bf1e-6c96eadbc45a,job,2017-12-31 20:52:59+00:00
953,ba067e11-b970-421c-8113-516ac92d9a7b,job,2017-12-31 21:01:51+00:00
954,53668740-0afd-4b2a-96b2-5a507d72b759,job,2017-12-31 21:10:40+00:00
955,8a2e556a-681e-cb60-86e1-e70366dfcb18,job,2017-12-31 21:19:22+00:00
956,75e53fe7-7712-c67d-e40a-cd6088b6e3fd,job,2017-12-31 21:20:47+00:00
957,94c539e7-bbba-1775-0e74-81ae111dd280,job,2017-12-31 21:22:04+00:00
958,f019d212-80e5-a6b2-d774-eb6a6369790e,job,2017-12-31 21:22:59+00:00
959,31fb09bf-7f22-4a97-b279-82fb254ccab7,press_reference,2017-12-31 23:01:00+00:00
960,d418186a-bfec-dfd8-a806-137bb36080a9,job,2017-12-31 23:56:00+00:00
961,4f5f400c-e9a2-2c8c-b852-ed27d162e357,press_reference,2018-01-01 00:29:30+00:00
962,8552031c-bbb1-44fc-a100-5ca8241ddc26,job,2018-01-01 00:52:56+00:00
963,27b3bc19-1280-43b6-86df-f6701745d3d1,job,2018-01-01 00:55:14+00:00
964,e6ef815b-11d1-4b50-8ee4-0375b8b26f06,press_reference,2018-01-01 02:35:17+00:00
965,f0dd0caa-34d3-6b4f-1775-1574671039c8,job,2018-01-01 03:36:51+00:00
966,f067515e-f9ff-46a3-be97-2b0d71da4173,job,2018-01-01 03:55:37+00:00
967,e90a781e-2287-11d8-d85c-9c383fa74307,job,2018-01-01 03:59:23+00:00
968,4a1a883e-fc9f-367b-3ce7-1fb776d84379,person,2018-01-01 04:42:00+00:00
969,e8ae8d80-fcc4-4c11-828c-891dbeeee049,job,2018-01-01 05:20:30+00:00
970,f9b379d8-60a7-4a63-82f4-9f2a75a34b89,person,2018-01-01 05:35:14+00:00
971,d8e69955-9aeb-09fa-73c7-e6cc366059e2,person,2018-01-01 05:35:39+00:00
972,c527de59-bd20-d71f-8692-38fbd9dbb9cb,job,2018-01-01 05:37:12+00:00
973,e51a9a7e-9f59-ddce-f51a-0a5ebb969ffb,job,2018-01-01 05:47:18+00:00
974,bc528718-3886-c13a-4f67-bd0a94ab4632,job,2018-01-01 06:00:24+00:00
975,552d4f91-d0b0-4bcb-ad57-0dccd7dd68d6,person,2018-01-01 06:02:25+00:00
976,2b4329c9-8c77-c6a9-e6de-01a7cbee8dd2,job,2018-01-01 06:04:51+00:00
977,f6f06104-d435-ead9-a96a-db2d2766eb85,job,2018-01-01 06:40:06+00:00
978,b33f06fb-48f4-d6c6-c4a6-55c55b8bacc0,job,2018-01-01 06:41:05+00:00
979,ead47215-8809-f527-cd6d-be496de535b7,job,2018-01-01 07:28:56+00:00
980,cb35794a-8d5e-7d40-2835-c421bce88290,job,2018-01-01 07:53:40+00:00
981,37ec52fc-fcd5-46ed-8401-8a5d8c9fc4c5,job,2018-01-01 08:12:31+00:00
982,cfc18e9e-bca3-f64a-b675-e96d9de182cd,job,2018-01-01 08:18:58+00:00
983,ccb935c7-518a-afd8-dc21-416d860e0eb3,job,2018-01-01 08:20:40+00:00
984,9530b785-9e8d-d63a-c1da-5c84b5aac826,person,2018-01-01 08:39:54+00:00
985,8d89bcd9-7c44-a50b-f262-4a9097041a2b,job,2018-01-01 08:43:06+00:00
986,36736646-d522-72f0-5165-dc7026ec05ce,job,2018-01-01 08:46:06+00:00
987,2c281baa-11ae-1b50-43a5-eafcfa2ebeb9,job,2018-01-01 08:58:21+00:00
988,a439db06-5368-08d5-f423-7da7e8d877af,job,2018-01-01 09:10:38+00:00
989,3db49518-0c93-3f0a-9638-9a02e45ad1d6,job,2018-01-01 09:30:17+00:00
990,7d1837b3-06b2-a34d-c328-0bea962e90ed,job,2018-01-01 09:30:53+00:00
991,c498f6ca-32fb-ea16-a29d-de3b772aff3f,job,2018-01-01 09:32:52+00:00
992,023258ab-0d95-e639-9ed9-ee44ee3b4d03,person,2018-01-01 10:03:50+00:00
993,43123c6c-877e-fc3a-5099-61972de568b3,job,2018-01-01 10:26:37+00:00
994,2c8265a6-7f59-d590-a7b1-31fb3426d2d3,person,2018-01-01 10:29:18+00:00
995,27d8134f-4ee3-b3ad-ee3b-f485a79bf6fd,person,2018-01-01 10:44:34+00:00
996,5e1aaaa1-dc01-7115-2941-26f5acba9e83,job,2018-01-01 10:44:34+00:00
997,18c966ca-9084-9a39-dacd-1970d20bc4f7,job,2018-01-01 10:46:32+00:00
998,dbe567ff-ac64-de32-0997-141445283873,job,2018-01-01 10:52:25+00:00
999,ff074376-6c7e-6890-69fa-44e96525a7a7,job,2018-01-01 10:54:54+00:00
